[{"model": "home.homepage", "pk": 3, "fields": {"hero_title": "ที่มาของไส้กรอกเยอรมัน ที่มาจากความชอบ \"กิน\"", "hero_text": "ในระหว่างการนัดคุยงาน ของสถาปนิก และซินแสพี่น้องร่วมสถาบัน จนเกิดธุรกิจร้านไส้กรอกเยอรมันที่ถูกปากคนไทยที่สุด \"ไส้กรอกเยอรมันราคาหลักร้อย ความอร่อยหลักล้าน\"", "hero_image": 1, "featureds": [5, 6, 9]}}, {"model": "product.productslistpage", "pk": 4, "fields": {"hero_title": "Our Products", "hero_text": "โรแมนติกฮัม คอลัมน์โคโยตี แจม อุปัทวเหตุบอดี้ครูเสด บูมกรีนซาร์ดีน เอ็กซ์เพรสเลดี้ โอเลี้ยง ซัมเมอร์แตงโม เช็งเม้งโปรโมชั่นโดมิโนทีวีคำสาป แพตเทิร์น ผู้นำราเม็งรามเทพ แซมบ้าแจมโกเต็กซ์แม่ค้า จุ๊ย ยูโร รากหญ้าโบว์ โฟนป๊อก", "hero_image": 2}}, {"model": "product.productpage", "pk": 5, "fields": {"product_title": "ไส้กรอกหมูรมควัน", "product_description": "ไส้กรอกหมูรมควัน (Frankfurter) 120 บาท/แพค บรรจุ 2 ชิ้น น้ำหนัก 200 กรัม", "product_price": "140 บาท", "product_image": 3, "product_category": 1}}, {"model": "product.productpage", "pk": 6, "fields": {"product_title": "ไส้กรอกหมูพริกสด", "product_description": "ไส้กรอกหมูพริกขี้หนูสด (Chilli) 120 บาท/แพค บรรจุ 2 ชิ้น น้ำหนัก 200 กรัม", "product_price": "140 บาท", "product_image": 4, "product_category": 1}}, {"model": "product.productpage", "pk": 7, "fields": {"product_title": "ไส้กรอกหมูกระเทียม", "product_description": "ฟหกดฟหกดฟหกดฟหกดฟ", "product_price": "", "product_image": 5, "product_category": 2}}, {"model": "product.productpage", "pk": 8, "fields": {"product_title": "ไส้กรอกหมูพริกไทยสด", "product_description": "ฟหกดฟหกดฟหกดฟหกดฟกด", "product_price": "", "product_image": 6, "product_category": 2}}, {"model": "product.productpage", "pk": 9, "fields": {"product_title": "ไส้กรอกเนื้อลูกวัว", "product_description": "ไส้กรอกเนื้อลูกวัว", "product_price": "", "product_image": 7, "product_category": 1}}, {"model": "product.productpage", "pk": 12, "fields": {"product_title": "ไส้กรอกอีสานคีโต", "product_description": "ไส้กรอกอีสาน สูตรคีโต 140 บาท/แพค บรรจุ 10 ชิ้น น้ำหนัก 200 กรัม", "product_price": "", "product_image": 16, "product_category": 2}}, {"model": "product.category", "pk": 1, "fields": {"text": "ไส้กรอกเยอรมัน"}}, {"model": "product.category", "pk": 2, "fields": {"text": "อาหารกลุ่มคีโตจีนิค"}}, {"model": "product.category", "pk": 3, "fields": {"text": "กลุ่มเครื่องเทศ"}}, {"model": "product.moreproductimage", "pk": 1, "fields": {"sort_order": 0, "page": 12, "image": 17}}, {"model": "product.moreproductimage", "pk": 2, "fields": {"sort_order": 0, "page": 6, "image": 17}}, {"model": "product.moreproductimage", "pk": 3, "fields": {"sort_order": 1, "page": 6, "image": 14}}, {"model": "gallery.gallerypage", "pk": 10, "fields": {"gallery_text": "รูปภาพ"}}, {"model": "gallery.galleryimage", "pk": 1, "fields": {"sort_order": 0, "page": 10, "image": 8, "caption": "ออกบูท"}}, {"model": "gallery.galleryimage", "pk": 2, "fields": {"sort_order": 1, "page": 10, "image": 9, "caption": "ออกบูท"}}, {"model": "gallery.galleryimage", "pk": 3, "fields": {"sort_order": 2, "page": 10, "image": 10, "caption": "บริการเดลิเวอรี่"}}, {"model": "gallery.galleryimage", "pk": 4, "fields": {"sort_order": 3, "page": 10, "image": 11, "caption": ""}}, {"model": "gallery.galleryimage", "pk": 5, "fields": {"sort_order": 4, "page": 10, "image": 12, "caption": "หน้าร้าน"}}, {"model": "aboutus.aboutuspage", "pk": 11, "fields": {"hero_title": "เริ่มต้นจากความหลงใหลสู่แบรนด์ ไส้กรอกเยอรมัน \"โฟล์คเฟสต์\"🇩🇪🇩🇪", "hero_text": "<p data-block-key=\"4puxs\">เกิดจากการรวมตัวของ 1 นักออกแบบ กับ 1 ซินแส ผู้ชอบการกินไส้กรอกเป็นชีวิตจิตใจ</p><p data-block-key=\"8o3o1\"></p><p data-block-key=\"2lsvp\">เมื่อ 4 ปีก่อนเราจึงคิดจะทำไส้กรอกแบรนด์ของตัวเองขึ้นมา เป็นไส้กรอกเยอรมันแบบ Original เช่น บราสต์เวิร์ท วีล และแบบฟิวชั่น เช่น รสชิลลี่ เป็ปเปอร์ ขายผ่านช่องทางออนไลน์ ส่งแบบแช่เย็นทั่วประเทศ และออกงานอีเวนท์ เช่น คอนเสิร์ตต่างๆ</p><p data-block-key=\"3kppc\"></p><p data-block-key=\"1mqan\">ผลจากการที่ต้องชิมไส้กรอกมากมายเพื่อพัฒนาสูตรของโฟล์คเฟสต์ให้ลงตัว &quot;ทำให้น้ำหนักตัวของทีมงานเพิ่มขึ้นเป็นสิบโล&quot; เราจึงหันมาสนใจการลดน้ำหนักแบบคีโตจีนิคไดเอท และเริ่มพัฒนาไส้กรอกสูตรคีโตของตัวเองจนสำเร็จ เช่น ไส้กรอกชีสคีโต เนื้อโคขุนแดดเดียว และขาหมูเยอรมัน ซึ่งเหมาะกับผู้ที่ต้องการควบคุมน้ำหนัก , ผู้ป่วยเบาหวาน หรือคนรักสุขภาพ</p><p data-block-key=\"7c7ac\"></p><p data-block-key=\"1kb14\">จนเมื่อต้นปี 2563 เราเปิดหน้าร้านเล็กๆ ที่ วังหิน-โชคชัยสี่ ขึ้นมา (ซินแสเลือกทำเล สถาปนิกออกแบบ) เราจึงมีบริการไส้กรอกย่างพร้อมทาน เพียงไม่นานร้านเราก็เป็นที่รู้จักมากขึ้น ยอดขายดีขึ้นเรื่อยๆ แม้จะเป็นช่วงวิกฤตจากโรคระบาด</p><p data-block-key=\"902tf\">เราจึงตระหนักว่าไส้กรอกของเราสามารถสร้างอาชีพให้เพื่อนๆที่เดือดร้อนจากวิกฤติโควิด-19 ได้ จึงเริ่มเปิดรับตัวแทนจำหน่ายทั่วประเทศ</p>", "hero_image": 11, "first_image": 13, "second_image": 14, "third_image": 15}}, {"model": "aboutus.review", "pk": 1, "fields": {"review_text": "<p data-block-key=\"hy8fi\">Great food and vibe</p><p data-block-key=\"4eqjo\">Here with our family on the first night in Queenstown. We read all the reviews, booked in advance and thoroughly enjoyed it. The...</p>", "review_by": "Rob Nelson, Napier, New Zealand"}}, {"model": "aboutus.review", "pk": 2, "fields": {"review_text": "<p data-block-key=\"7cqt7\">We regularly put Flame Bar &amp;amp; Grill into our Clients’ conference or incentive programs as we always get rave reviews. In fact, one of the Australian...</p>", "review_by": "Suzanne Baker, EventNZ Ltd"}}, {"model": "aboutus.review", "pk": 3, "fields": {"review_text": "<p data-block-key=\"yozuq\">Tender and meaty ribs, generous portion, sweet and just a little tangy sauce, very tasty and thoroughly enjoyed! Arrived on a busy day, lovely staff...</p>", "review_by": "Naomi Free, Sydney"}}, {"model": "aboutus.reviewsorderable", "pk": 1, "fields": {"sort_order": 0, "page": 11, "review": 1}}, {"model": "aboutus.reviewsorderable", "pk": 2, "fields": {"sort_order": 1, "page": 11, "review": 2}}, {"model": "aboutus.reviewsorderable", "pk": 3, "fields": {"sort_order": 2, "page": 11, "review": 3}}, {"model": "wagtailusers.userprofile", "pk": 1, "fields": {"user": 1, "submitted_notifications": true, "approved_notifications": true, "rejected_notifications": true, "updated_comments_notifications": true, "preferred_language": "", "current_time_zone": "", "avatar": ""}}, {"model": "wagtailimages.image", "pk": 1, "fields": {"collection": 1, "title": "Sausages-news-1-960x480.jpg", "file": "original_images/Sausages-news-1-960x480.jpg", "width": 960, "height": 480, "created_at": "2021-07-28T08:02:01.382Z", "uploaded_by_user": 1, "focal_point_x": null, "focal_point_y": null, "focal_point_width": null, "focal_point_height": null, "file_size": 198944, "file_hash": "cac5d7271929115e521f2cc9ecaea4f2f5701dcd"}}, {"model": "wagtailimages.image", "pk": 2, "fields": {"collection": 1, "title": "ProductsHero", "file": "original_images/iulian-aghei-q_xW-2ICvfA-unsplash.jpg", "width": 6016, "height": 4016, "created_at": "2021-07-29T16:45:16.016Z", "uploaded_by_user": 1, "focal_point_x": null, "focal_point_y": null, "focal_point_width": null, "focal_point_height": null, "file_size": 7931632, "file_hash": "7ec8c3afe14441b277392d9d8fbd65bc084126d3"}}, {"model": "wagtailimages.image", "pk": 3, "fields": {"collection": 1, "title": "p5-frankfuter.jpg", "file": "original_images/p5-frankfuter.jpg", "width": 595, "height": 595, "created_at": "2021-07-29T17:04:24.421Z", "uploaded_by_user": 1, "focal_point_x": null, "focal_point_y": null, "focal_point_width": null, "focal_point_height": null, "file_size": 101494, "file_hash": "23e64b56ca9672e142735d7a1530e705e805328a"}}, {"model": "wagtailimages.image", "pk": 4, "fields": {"collection": 1, "title": "p3-chilli.jpg", "file": "original_images/p3-chilli.jpg", "width": 595, "height": 595, "created_at": "2021-07-29T17:20:18.923Z", "uploaded_by_user": 1, "focal_point_x": null, "focal_point_y": null, "focal_point_width": null, "focal_point_height": null, "file_size": 104166, "file_hash": "052e7b492bf2dcea1009dfe420d0aad9a07b2b4c"}}, {"model": "wagtailimages.image", "pk": 5, "fields": {"collection": 1, "title": "p1-braswart.jpg", "file": "original_images/p1-braswart.jpg", "width": 595, "height": 595, "created_at": "2021-07-31T08:12:48.018Z", "uploaded_by_user": 1, "focal_point_x": null, "focal_point_y": null, "focal_point_width": null, "focal_point_height": null, "file_size": 98780, "file_hash": "5799620fafc1b1e020af76cd1ecf7968b2989b9d"}}, {"model": "wagtailimages.image", "pk": 6, "fields": {"collection": 1, "title": "p2-pepper.jpg", "file": "original_images/p2-pepper.jpg", "width": 595, "height": 595, "created_at": "2021-07-31T08:13:41.189Z", "uploaded_by_user": 1, "focal_point_x": null, "focal_point_y": null, "focal_point_width": null, "focal_point_height": null, "file_size": 111082, "file_hash": "27b179f1808b438f2d6b4e2767ae64ec313c153c"}}, {"model": "wagtailimages.image", "pk": 7, "fields": {"collection": 1, "title": "p4-veal.jpg", "file": "original_images/p4-veal.jpg", "width": 595, "height": 595, "created_at": "2021-08-02T06:56:59.175Z", "uploaded_by_user": 1, "focal_point_x": null, "focal_point_y": null, "focal_point_width": null, "focal_point_height": null, "file_size": 97267, "file_hash": "6cedc2cfd860a2b0a4e16ad02a30d8c8f601edbd"}}, {"model": "wagtailimages.image", "pk": 8, "fields": {"collection": 1, "title": "46525957_1916475511739299_5034730096536059904_o.jpg", "file": "original_images/46525957_1916475511739299_5034730096536059904_o.jpg", "width": 2048, "height": 1536, "created_at": "2021-08-02T16:00:11.238Z", "uploaded_by_user": 1, "focal_point_x": null, "focal_point_y": null, "focal_point_width": null, "focal_point_height": null, "file_size": 418124, "file_hash": "bb5e75d5f447da6020b9957ccb74a8b6296b5ae7"}}, {"model": "wagtailimages.image", "pk": 9, "fields": {"collection": 1, "title": "47376525_1927964347257082_7132205408789200896_o.jpg", "file": "original_images/47376525_1927964347257082_7132205408789200896_o.jpg", "width": 2048, "height": 1536, "created_at": "2021-08-02T16:00:31.970Z", "uploaded_by_user": 1, "focal_point_x": null, "focal_point_y": null, "focal_point_width": null, "focal_point_height": null, "file_size": 286288, "file_hash": "f356aa12f44c0f7501ff9aca6c55fc4f7214f443"}}, {"model": "wagtailimages.image", "pk": 10, "fields": {"collection": 1, "title": "94747446_2826024977451010_2401447482279067648_o.jpg", "file": "original_images/94747446_2826024977451010_2401447482279067648_o.jpg", "width": 1537, "height": 2048, "created_at": "2021-08-02T16:00:46.510Z", "uploaded_by_user": 1, "focal_point_x": 1285, "focal_point_y": 520, "focal_point_width": 488, "focal_point_height": 754, "file_size": 837221, "file_hash": "9a63c73e299f453beb65d81291cb7f9e4b4c1b06"}}, {"model": "wagtailimages.image", "pk": 11, "fields": {"collection": 1, "title": "120911670_3320699467983556_1209199107711490736_n.jpg", "file": "original_images/120911670_3320699467983556_1209199107711490736_n.jpg", "width": 960, "height": 649, "created_at": "2021-08-02T16:00:59.918Z", "uploaded_by_user": 1, "focal_point_x": null, "focal_point_y": null, "focal_point_width": null, "focal_point_height": null, "file_size": 106978, "file_hash": "3d8540c82c7d90ba4f85f491febdba7d0fbbf533"}}, {"model": "wagtailimages.image", "pk": 12, "fields": {"collection": 1, "title": "130584428_3495049320548569_7603205984954630501_n.jpg", "file": "original_images/130584428_3495049320548569_7603205984954630501_n.jpg", "width": 808, "height": 651, "created_at": "2021-08-02T16:01:11.670Z", "uploaded_by_user": 1, "focal_point_x": null, "focal_point_y": null, "focal_point_width": null, "focal_point_height": null, "file_size": 82135, "file_hash": "4ace4efa2de7a86737cd41c38a19a196067a4dab"}}, {"model": "wagtailimages.image", "pk": 13, "fields": {"collection": 1, "title": "221635599_4108684209185074_8951755632027426482_n.jpeg", "file": "original_images/221635599_4108684209185074_8951755632027426482_n.jpeg", "width": 526, "height": 526, "created_at": "2021-08-03T08:20:59.593Z", "uploaded_by_user": 1, "focal_point_x": null, "focal_point_y": null, "focal_point_width": null, "focal_point_height": null, "file_size": 70702, "file_hash": "9515c7714c9080c192001f31fc7590fdb82f2dd8"}}, {"model": "wagtailimages.image", "pk": 14, "fields": {"collection": 1, "title": "221933887_4107086592678169_9161871151023974456_n.jpeg", "file": "original_images/221933887_4107086592678169_9161871151023974456_n.jpeg", "width": 1302, "height": 1302, "created_at": "2021-08-03T08:21:10.158Z", "uploaded_by_user": 1, "focal_point_x": null, "focal_point_y": null, "focal_point_width": null, "focal_point_height": null, "file_size": 170008, "file_hash": "16f2ebe10084df797b6cd87545587ec1ca554a0d"}}, {"model": "wagtailimages.image", "pk": 15, "fields": {"collection": 1, "title": "220521735_4101917823195046_1587171953240464212_n.jpeg", "file": "original_images/220521735_4101917823195046_1587171953240464212_n.jpeg", "width": 720, "height": 720, "created_at": "2021-08-03T08:21:19.643Z", "uploaded_by_user": 1, "focal_point_x": null, "focal_point_y": null, "focal_point_width": null, "focal_point_height": null, "file_size": 64550, "file_hash": "89f7604324bb304701fe65c1dd81bf58175bf8c5"}}, {"model": "wagtailimages.image", "pk": 16, "fields": {"collection": 1, "title": "k06-esan-keto (1).jpeg", "file": "original_images/k06-esan-keto_1.jpeg", "width": 595, "height": 595, "created_at": "2021-08-03T18:50:33.843Z", "uploaded_by_user": 1, "focal_point_x": null, "focal_point_y": null, "focal_point_width": null, "focal_point_height": null, "file_size": 108940, "file_hash": "7934155f0ea57819293027ea9e317829957c2bed"}}, {"model": "wagtailimages.image", "pk": 17, "fields": {"collection": 1, "title": "k07-esan-keto-nu.jpeg", "file": "original_images/k07-esan-keto-nu.jpeg", "width": 595, "height": 595, "created_at": "2021-08-03T18:50:49.396Z", "uploaded_by_user": 1, "focal_point_x": null, "focal_point_y": null, "focal_point_width": null, "focal_point_height": null, "file_size": 82501, "file_hash": "a4818ab63d45665d2294928ac2d67405dd660160"}}, {"model": "wagtailimages.rendition", "pk": 1, "fields": {"filter_spec": "max-165x165", "file": "images/Sausages-news-1-960x480.max-165x165.jpg", "width": 165, "height": 82, "focal_point_key": "", "image": 1}}, {"model": "wagtailimages.rendition", "pk": 2, "fields": {"filter_spec": "width-1400", "file": "images/Sausages-news-1-960x480.width-1400.jpg", "width": 960, "height": 480, "focal_point_key": "", "image": 1}}, {"model": "wagtailimages.rendition", "pk": 3, "fields": {"filter_spec": "max-165x165", "file": "images/iulian-aghei-q_xW-2ICvfA-unsplash.max-165x165.jpg", "width": 165, "height": 110, "focal_point_key": "", "image": 2}}, {"model": "wagtailimages.rendition", "pk": 4, "fields": {"filter_spec": "width-1400", "file": "images/iulian-aghei-q_xW-2ICvfA-unsplash.width-1400.jpg", "width": 1400, "height": 934, "focal_point_key": "", "image": 2}}, {"model": "wagtailimages.rendition", "pk": 5, "fields": {"filter_spec": "max-165x165", "file": "images/p5-frankfuter.max-165x165.jpg", "width": 165, "height": 165, "focal_point_key": "", "image": 3}}, {"model": "wagtailimages.rendition", "pk": 6, "fields": {"filter_spec": "width-800", "file": "images/p5-frankfuter.width-800.jpg", "width": 595, "height": 595, "focal_point_key": "", "image": 3}}, {"model": "wagtailimages.rendition", "pk": 7, "fields": {"filter_spec": "max-165x165", "file": "images/p3-chilli.max-165x165.jpg", "width": 165, "height": 165, "focal_point_key": "", "image": 4}}, {"model": "wagtailimages.rendition", "pk": 8, "fields": {"filter_spec": "width-800", "file": "images/p3-chilli.width-800.jpg", "width": 595, "height": 595, "focal_point_key": "", "image": 4}}, {"model": "wagtailimages.rendition", "pk": 9, "fields": {"filter_spec": "width-500", "file": "images/p5-frankfuter.width-500.jpg", "width": 500, "height": 500, "focal_point_key": "", "image": 3}}, {"model": "wagtailimages.rendition", "pk": 10, "fields": {"filter_spec": "width-500", "file": "images/p3-chilli.width-500.jpg", "width": 500, "height": 500, "focal_point_key": "", "image": 4}}, {"model": "wagtailimages.rendition", "pk": 11, "fields": {"filter_spec": "max-165x165", "file": "images/p1-braswart.max-165x165.jpg", "width": 165, "height": 165, "focal_point_key": "", "image": 5}}, {"model": "wagtailimages.rendition", "pk": 12, "fields": {"filter_spec": "max-165x165", "file": "images/p2-pepper.max-165x165.jpg", "width": 165, "height": 165, "focal_point_key": "", "image": 6}}, {"model": "wagtailimages.rendition", "pk": 13, "fields": {"filter_spec": "width-500", "file": "images/p1-braswart.width-500.jpg", "width": 500, "height": 500, "focal_point_key": "", "image": 5}}, {"model": "wagtailimages.rendition", "pk": 14, "fields": {"filter_spec": "max-165x165", "file": "images/p4-veal.max-165x165.jpg", "width": 165, "height": 165, "focal_point_key": "", "image": 7}}, {"model": "wagtailimages.rendition", "pk": 15, "fields": {"filter_spec": "width-500", "file": "images/p2-pepper.width-500.jpg", "width": 500, "height": 500, "focal_point_key": "", "image": 6}}, {"model": "wagtailimages.rendition", "pk": 16, "fields": {"filter_spec": "width-500", "file": "images/p4-veal.width-500.jpg", "width": 500, "height": 500, "focal_point_key": "", "image": 7}}, {"model": "wagtailimages.rendition", "pk": 17, "fields": {"filter_spec": "max-165x165", "file": "images/46525957_1916475511739299_503473009653605990.max-165x165.jpg", "width": 165, "height": 123, "focal_point_key": "", "image": 8}}, {"model": "wagtailimages.rendition", "pk": 18, "fields": {"filter_spec": "max-165x165", "file": "images/47376525_1927964347257082_713220540878920089.max-165x165.jpg", "width": 165, "height": 123, "focal_point_key": "", "image": 9}}, {"model": "wagtailimages.rendition", "pk": 19, "fields": {"filter_spec": "max-165x165", "file": "images/94747446_2826024977451010_240144748227906764.max-165x165.jpg", "width": 123, "height": 165, "focal_point_key": "", "image": 10}}, {"model": "wagtailimages.rendition", "pk": 20, "fields": {"filter_spec": "max-165x165", "file": "images/120911670_3320699467983556_12091991077114907.max-165x165.jpg", "width": 165, "height": 111, "focal_point_key": "", "image": 11}}, {"model": "wagtailimages.rendition", "pk": 21, "fields": {"filter_spec": "max-165x165", "file": "images/130584428_3495049320548569_76032059849546305.max-165x165.jpg", "width": 165, "height": 132, "focal_point_key": "", "image": 12}}, {"model": "wagtailimages.rendition", "pk": 22, "fields": {"filter_spec": "width-500", "file": "images/46525957_1916475511739299_5034730096536059904_.width-500.jpg", "width": 500, "height": 375, "focal_point_key": "", "image": 8}}, {"model": "wagtailimages.rendition", "pk": 23, "fields": {"filter_spec": "width-500", "file": "images/47376525_1927964347257082_7132205408789200896_.width-500.jpg", "width": 500, "height": 375, "focal_point_key": "", "image": 9}}, {"model": "wagtailimages.rendition", "pk": 24, "fields": {"filter_spec": "width-500", "file": "images/94747446_2826024977451010_2401447482279067648_.width-500.jpg", "width": 500, "height": 666, "focal_point_key": "", "image": 10}}, {"model": "wagtailimages.rendition", "pk": 25, "fields": {"filter_spec": "width-500", "file": "images/120911670_3320699467983556_1209199107711490736.width-500.jpg", "width": 500, "height": 338, "focal_point_key": "", "image": 11}}, {"model": "wagtailimages.rendition", "pk": 26, "fields": {"filter_spec": "width-500", "file": "images/130584428_3495049320548569_7603205984954630501.width-500.jpg", "width": 500, "height": 402, "focal_point_key": "", "image": 12}}, {"model": "wagtailimages.rendition", "pk": 27, "fields": {"filter_spec": "width-500|height-500", "file": "images/46525957_1916475511739299_503473009.width-500.height-500.jpg", "width": 500, "height": 375, "focal_point_key": "", "image": 8}}, {"model": "wagtailimages.rendition", "pk": 28, "fields": {"filter_spec": "width-500|height-500", "file": "images/47376525_1927964347257082_713220540.width-500.height-500.jpg", "width": 500, "height": 375, "focal_point_key": "", "image": 9}}, {"model": "wagtailimages.rendition", "pk": 29, "fields": {"filter_spec": "width-500|height-500", "file": "images/94747446_2826024977451010_240144748.width-500.height-500.jpg", "width": 375, "height": 500, "focal_point_key": "", "image": 10}}, {"model": "wagtailimages.rendition", "pk": 30, "fields": {"filter_spec": "width-500|height-500", "file": "images/120911670_3320699467983556_12091991.width-500.height-500.jpg", "width": 500, "height": 338, "focal_point_key": "", "image": 11}}, {"model": "wagtailimages.rendition", "pk": 31, "fields": {"filter_spec": "width-500|height-500", "file": "images/130584428_3495049320548569_76032059.width-500.height-500.jpg", "width": 500, "height": 402, "focal_point_key": "", "image": 12}}, {"model": "wagtailimages.rendition", "pk": 32, "fields": {"filter_spec": "fill-400x400", "file": "images/46525957_1916475511739299_50347300.2e16d0ba.fill-400x400.jpg", "width": 400, "height": 400, "focal_point_key": "2e16d0ba", "image": 8}}, {"model": "wagtailimages.rendition", "pk": 33, "fields": {"filter_spec": "fill-400x400", "file": "images/47376525_1927964347257082_71322054.2e16d0ba.fill-400x400.jpg", "width": 400, "height": 400, "focal_point_key": "2e16d0ba", "image": 9}}, {"model": "wagtailimages.rendition", "pk": 34, "fields": {"filter_spec": "fill-400x400", "file": "images/94747446_2826024977451010_24014474.2e16d0ba.fill-400x400.jpg", "width": 400, "height": 400, "focal_point_key": "2e16d0ba", "image": 10}}, {"model": "wagtailimages.rendition", "pk": 35, "fields": {"filter_spec": "fill-400x400", "file": "images/120911670_3320699467983556_1209199.2e16d0ba.fill-400x400.jpg", "width": 400, "height": 400, "focal_point_key": "2e16d0ba", "image": 11}}, {"model": "wagtailimages.rendition", "pk": 36, "fields": {"filter_spec": "fill-400x400", "file": "images/130584428_3495049320548569_7603205.2e16d0ba.fill-400x400.jpg", "width": 400, "height": 400, "focal_point_key": "2e16d0ba", "image": 12}}, {"model": "wagtailimages.rendition", "pk": 37, "fields": {"filter_spec": "original", "file": "images/46525957_1916475511739299_5034730096536059904_o.original.jpg", "width": 2048, "height": 1536, "focal_point_key": "", "image": 8}}, {"model": "wagtailimages.rendition", "pk": 38, "fields": {"filter_spec": "original", "file": "images/47376525_1927964347257082_7132205408789200896_o.original.jpg", "width": 2048, "height": 1536, "focal_point_key": "", "image": 9}}, {"model": "wagtailimages.rendition", "pk": 39, "fields": {"filter_spec": "original", "file": "images/94747446_2826024977451010_2401447482279067648_o.original.jpg", "width": 1537, "height": 2048, "focal_point_key": "", "image": 10}}, {"model": "wagtailimages.rendition", "pk": 40, "fields": {"filter_spec": "original", "file": "images/120911670_3320699467983556_1209199107711490736_.original.jpg", "width": 960, "height": 649, "focal_point_key": "", "image": 11}}, {"model": "wagtailimages.rendition", "pk": 41, "fields": {"filter_spec": "original", "file": "images/130584428_3495049320548569_7603205984954630501_.original.jpg", "width": 808, "height": 651, "focal_point_key": "", "image": 12}}, {"model": "wagtailimages.rendition", "pk": 42, "fields": {"filter_spec": "max-800x600", "file": "images/94747446_2826024977451010_240144748227906764.max-800x600.jpg", "width": 450, "height": 600, "focal_point_key": "", "image": 10}}, {"model": "wagtailimages.rendition", "pk": 43, "fields": {"filter_spec": "fill-400x400", "file": "images/94747446_2826024977451010_24014474.a473401a.fill-400x400.jpg", "width": 400, "height": 400, "focal_point_key": "a473401a", "image": 10}}, {"model": "wagtailimages.rendition", "pk": 44, "fields": {"filter_spec": "max-165x165", "file": "images/221635599_4108684209185074_89517556320274264.max-165x165.jpg", "width": 165, "height": 165, "focal_point_key": "", "image": 13}}, {"model": "wagtailimages.rendition", "pk": 45, "fields": {"filter_spec": "max-165x165", "file": "images/221933887_4107086592678169_91618711510239744.max-165x165.jpg", "width": 165, "height": 165, "focal_point_key": "", "image": 14}}, {"model": "wagtailimages.rendition", "pk": 46, "fields": {"filter_spec": "max-165x165", "file": "images/220521735_4101917823195046_15871719532404642.max-165x165.jpg", "width": 165, "height": 165, "focal_point_key": "", "image": 15}}, {"model": "wagtailimages.rendition", "pk": 47, "fields": {"filter_spec": "width-500", "file": "images/221635599_4108684209185074_8951755632027426482.width-500.jpg", "width": 500, "height": 500, "focal_point_key": "", "image": 13}}, {"model": "wagtailimages.rendition", "pk": 48, "fields": {"filter_spec": "width-500", "file": "images/221933887_4107086592678169_9161871151023974456.width-500.jpg", "width": 500, "height": 500, "focal_point_key": "", "image": 14}}, {"model": "wagtailimages.rendition", "pk": 49, "fields": {"filter_spec": "width-500", "file": "images/220521735_4101917823195046_1587171953240464212.width-500.jpg", "width": 500, "height": 500, "focal_point_key": "", "image": 15}}, {"model": "wagtailimages.rendition", "pk": 50, "fields": {"filter_spec": "width-1400", "file": "images/120911670_3320699467983556_120919910771149073.width-1400.jpg", "width": 960, "height": 649, "focal_point_key": "", "image": 11}}, {"model": "wagtailimages.rendition", "pk": 51, "fields": {"filter_spec": "fill-500x500", "file": "images/221635599_4108684209185074_8951755.2e16d0ba.fill-500x500.jpg", "width": 500, "height": 500, "focal_point_key": "2e16d0ba", "image": 13}}, {"model": "wagtailimages.rendition", "pk": 52, "fields": {"filter_spec": "fill-500x500", "file": "images/221933887_4107086592678169_9161871.2e16d0ba.fill-500x500.jpg", "width": 500, "height": 500, "focal_point_key": "2e16d0ba", "image": 14}}, {"model": "wagtailimages.rendition", "pk": 53, "fields": {"filter_spec": "fill-500x500", "file": "images/220521735_4101917823195046_1587171.2e16d0ba.fill-500x500.jpg", "width": 500, "height": 500, "focal_point_key": "2e16d0ba", "image": 15}}, {"model": "wagtailimages.rendition", "pk": 54, "fields": {"filter_spec": "max-165x165", "file": "images/k06-esan-keto_1.max-165x165.jpg", "width": 165, "height": 165, "focal_point_key": "", "image": 16}}, {"model": "wagtailimages.rendition", "pk": 55, "fields": {"filter_spec": "max-165x165", "file": "images/k07-esan-keto-nu.max-165x165.jpg", "width": 165, "height": 165, "focal_point_key": "", "image": 17}}, {"model": "wagtailimages.rendition", "pk": 56, "fields": {"filter_spec": "fill-500x500", "file": "images/p5-frankfuter.2e16d0ba.fill-500x500.jpg", "width": 500, "height": 500, "focal_point_key": "2e16d0ba", "image": 3}}, {"model": "wagtailimages.rendition", "pk": 57, "fields": {"filter_spec": "fill-200x200", "file": "images/p5-frankfuter.2e16d0ba.fill-200x200.jpg", "width": 200, "height": 200, "focal_point_key": "2e16d0ba", "image": 3}}, {"model": "wagtailimages.rendition", "pk": 58, "fields": {"filter_spec": "fill-800x800", "file": "images/p5-frankfuter.2e16d0ba.fill-800x800.jpg", "width": 595, "height": 595, "focal_point_key": "2e16d0ba", "image": 3}}, {"model": "wagtailimages.rendition", "pk": 59, "fields": {"filter_spec": "width-500", "file": "images/k06-esan-keto_1.width-500.jpg", "width": 500, "height": 500, "focal_point_key": "", "image": 16}}, {"model": "wagtailimages.rendition", "pk": 60, "fields": {"filter_spec": "fill-800x800", "file": "images/p3-chilli.2e16d0ba.fill-800x800.jpg", "width": 595, "height": 595, "focal_point_key": "2e16d0ba", "image": 4}}, {"model": "wagtailimages.rendition", "pk": 61, "fields": {"filter_spec": "fill-800x800", "file": "images/p4-veal.2e16d0ba.fill-800x800.jpg", "width": 595, "height": 595, "focal_point_key": "2e16d0ba", "image": 7}}, {"model": "wagtailimages.rendition", "pk": 62, "fields": {"filter_spec": "fill-800x800", "file": "images/p1-braswart.2e16d0ba.fill-800x800.jpg", "width": 595, "height": 595, "focal_point_key": "2e16d0ba", "image": 5}}, {"model": "wagtailimages.rendition", "pk": 63, "fields": {"filter_spec": "fill-800x800", "file": "images/p2-pepper.2e16d0ba.fill-800x800.jpg", "width": 595, "height": 595, "focal_point_key": "2e16d0ba", "image": 6}}, {"model": "wagtailimages.rendition", "pk": 64, "fields": {"filter_spec": "fill-800x800", "file": "images/k06-esan-keto_1.2e16d0ba.fill-800x800.jpg", "width": 595, "height": 595, "focal_point_key": "2e16d0ba", "image": 16}}, {"model": "wagtailimages.rendition", "pk": 65, "fields": {"filter_spec": "fill-200x200", "file": "images/k07-esan-keto-nu.2e16d0ba.fill-200x200.jpg", "width": 200, "height": 200, "focal_point_key": "2e16d0ba", "image": 17}}, {"model": "wagtailimages.rendition", "pk": 66, "fields": {"filter_spec": "fill-200x200", "file": "images/221933887_4107086592678169_9161871.2e16d0ba.fill-200x200.jpg", "width": 200, "height": 200, "focal_point_key": "2e16d0ba", "image": 14}}, {"model": "wagtailimages.rendition", "pk": 67, "fields": {"filter_spec": "fill-800x800", "file": "images/k07-esan-keto-nu.2e16d0ba.fill-800x800.jpg", "width": 595, "height": 595, "focal_point_key": "2e16d0ba", "image": 17}}, {"model": "wagtailimages.rendition", "pk": 68, "fields": {"filter_spec": "fill-800x800", "file": "images/221933887_4107086592678169_9161871.2e16d0ba.fill-800x800.jpg", "width": 800, "height": 800, "focal_point_key": "2e16d0ba", "image": 14}}, {"model": "wagtailcore.site", "pk": 2, "fields": {"hostname": "localhost", "port": 80, "site_name": "", "root_page": 3, "is_default_site": true}}, {"model": "wagtailcore.locale", "pk": 1, "fields": {"language_code": "en"}}, {"model": "wagtailcore.page", "pk": 1, "fields": {"path": "0001", "depth": 1, "numchild": 1, "translation_key": "8b3b22b9-bf23-4943-ad9b-c7d40218e2aa", "locale": 1, "title": "Root", "draft_title": "Root", "slug": "root", "content_type": 1, "live": true, "has_unpublished_changes": false, "url_path": "/", "owner": null, "seo_title": "", "show_in_menus": false, "search_description": "", "go_live_at": null, "expire_at": null, "expired": false, "locked": false, "locked_at": null, "locked_by": null, "first_published_at": null, "last_published_at": null, "latest_revision_created_at": null, "live_revision": null, "alias_of": null}}, {"model": "wagtailcore.page", "pk": 3, "fields": {"path": "00010001", "depth": 2, "numchild": 3, "translation_key": "09c17e4a-a3bc-4eea-a825-92e391c893e2", "locale": 1, "title": "Home", "draft_title": "Home", "slug": "home", "content_type": 2, "live": true, "has_unpublished_changes": false, "url_path": "/home/", "owner": null, "seo_title": "", "show_in_menus": false, "search_description": "", "go_live_at": null, "expire_at": null, "expired": false, "locked": false, "locked_at": null, "locked_by": null, "first_published_at": "2021-07-28T08:02:13.734Z", "last_published_at": "2021-08-02T06:59:12.125Z", "latest_revision_created_at": "2021-08-02T06:59:12.089Z", "live_revision": 11, "alias_of": null}}, {"model": "wagtailcore.page", "pk": 4, "fields": {"path": "000100010001", "depth": 3, "numchild": 6, "translation_key": "9f28ffdc-bcf1-42a1-b385-56b3dbb8b52a", "locale": 1, "title": "Products", "draft_title": "Products", "slug": "product", "content_type": 42, "live": true, "has_unpublished_changes": false, "url_path": "/home/product/", "owner": 1, "seo_title": "", "show_in_menus": false, "search_description": "", "go_live_at": null, "expire_at": null, "expired": false, "locked": false, "locked_at": null, "locked_by": null, "first_published_at": "2021-07-29T16:45:25.430Z", "last_published_at": "2021-07-29T16:46:00.444Z", "latest_revision_created_at": "2021-07-29T16:46:00.424Z", "live_revision": 3, "alias_of": null}}, {"model": "wagtailcore.page", "pk": 5, "fields": {"path": "0001000100010001", "depth": 4, "numchild": 0, "translation_key": "8a77dacf-be85-421e-9eac-2524572344ab", "locale": 1, "title": "ไส้กรอกหมูรมควัน", "draft_title": "ไส้กรอกหมูรมควัน", "slug": "ไสกรอกหมรมควน", "content_type": 43, "live": true, "has_unpublished_changes": false, "url_path": "/home/product/ไสกรอกหมรมควน/", "owner": 1, "seo_title": "", "show_in_menus": false, "search_description": "", "go_live_at": null, "expire_at": null, "expired": false, "locked": false, "locked_at": null, "locked_by": null, "first_published_at": "2021-07-29T17:04:32.823Z", "last_published_at": "2021-08-04T17:41:33.338Z", "latest_revision_created_at": "2021-08-04T17:41:33.313Z", "live_revision": 22, "alias_of": null}}, {"model": "wagtailcore.page", "pk": 6, "fields": {"path": "0001000100010002", "depth": 4, "numchild": 0, "translation_key": "ce756d50-7f91-4aa2-9fb3-53f756276c20", "locale": 1, "title": "ไส้กรอกหมูพริกสด", "draft_title": "ไส้กรอกหมูพริกสด", "slug": "ไสกรอกหมพรกสด", "content_type": 43, "live": true, "has_unpublished_changes": false, "url_path": "/home/product/ไสกรอกหมพรกสด/", "owner": 1, "seo_title": "", "show_in_menus": false, "search_description": "", "go_live_at": null, "expire_at": null, "expired": false, "locked": false, "locked_at": null, "locked_by": null, "first_published_at": "2021-07-29T17:20:23.322Z", "last_published_at": "2021-08-04T17:55:15.324Z", "latest_revision_created_at": "2021-08-04T17:55:15.300Z", "live_revision": 24, "alias_of": null}}, {"model": "wagtailcore.page", "pk": 7, "fields": {"path": "0001000100010003", "depth": 4, "numchild": 0, "translation_key": "008b28d4-8994-4248-962e-bb3ea0b95a88", "locale": 1, "title": "ไส้กรอกหมูกระเทียม", "draft_title": "ไส้กรอกหมูกระเทียม", "slug": "ไสกรอกหมกระเทยม", "content_type": 43, "live": true, "has_unpublished_changes": false, "url_path": "/home/product/ไสกรอกหมกระเทยม/", "owner": 1, "seo_title": "", "show_in_menus": false, "search_description": "", "go_live_at": null, "expire_at": null, "expired": false, "locked": false, "locked_at": null, "locked_by": null, "first_published_at": "2021-07-31T08:12:55.103Z", "last_published_at": "2021-08-02T08:39:43.016Z", "latest_revision_created_at": "2021-08-02T08:39:42.996Z", "live_revision": 15, "alias_of": null}}, {"model": "wagtailcore.page", "pk": 8, "fields": {"path": "0001000100010004", "depth": 4, "numchild": 0, "translation_key": "c7b25709-36b9-4854-bd2b-d0f4554c50d3", "locale": 1, "title": "ไส้กรอกหมูพริกไทยสด", "draft_title": "ไส้กรอกหมูพริกไทยสด", "slug": "ไสกรอกหมพรกไทยสด", "content_type": 43, "live": true, "has_unpublished_changes": false, "url_path": "/home/product/ไสกรอกหมพรกไทยสด/", "owner": 1, "seo_title": "", "show_in_menus": false, "search_description": "", "go_live_at": null, "expire_at": null, "expired": false, "locked": false, "locked_at": null, "locked_by": null, "first_published_at": "2021-07-31T08:13:52.214Z", "last_published_at": "2021-08-02T08:39:30.307Z", "latest_revision_created_at": "2021-08-02T08:39:30.287Z", "live_revision": 14, "alias_of": null}}, {"model": "wagtailcore.page", "pk": 9, "fields": {"path": "0001000100010005", "depth": 4, "numchild": 0, "translation_key": "cf8272e7-8e73-4725-b905-cefad7921d1f", "locale": 1, "title": "ไส้กรอกเนื้อลูกวัว", "draft_title": "ไส้กรอกเนื้อลูกวัว", "slug": "ไสกรอกเนอลกวว", "content_type": 43, "live": true, "has_unpublished_changes": false, "url_path": "/home/product/ไสกรอกเนอลกวว/", "owner": 1, "seo_title": "", "show_in_menus": false, "search_description": "", "go_live_at": null, "expire_at": null, "expired": false, "locked": false, "locked_at": null, "locked_by": null, "first_published_at": "2021-08-02T06:57:03.144Z", "last_published_at": "2021-08-02T08:39:15.586Z", "latest_revision_created_at": "2021-08-02T08:39:15.562Z", "live_revision": 13, "alias_of": null}}, {"model": "wagtailcore.page", "pk": 10, "fields": {"path": "000100010002", "depth": 3, "numchild": 0, "translation_key": "567f70b2-9f4d-403e-8668-6d0ac7672bc0", "locale": 1, "title": "Gallery", "draft_title": "Gallery", "slug": "gallery", "content_type": 46, "live": true, "has_unpublished_changes": false, "url_path": "/home/gallery/", "owner": 1, "seo_title": "", "show_in_menus": false, "search_description": "", "go_live_at": null, "expire_at": null, "expired": false, "locked": false, "locked_at": null, "locked_by": null, "first_published_at": "2021-08-02T16:02:05.957Z", "last_published_at": "2021-08-02T16:02:05.957Z", "latest_revision_created_at": "2021-08-02T16:02:05.930Z", "live_revision": 17, "alias_of": null}}, {"model": "wagtailcore.page", "pk": 11, "fields": {"path": "000100010003", "depth": 3, "numchild": 0, "translation_key": "2c6750e1-7a7f-422f-a3a8-24fab0539ff8", "locale": 1, "title": "About Us", "draft_title": "About Us", "slug": "about", "content_type": 48, "live": true, "has_unpublished_changes": false, "url_path": "/home/about/", "owner": 1, "seo_title": "", "show_in_menus": false, "search_description": "", "go_live_at": null, "expire_at": null, "expired": false, "locked": false, "locked_at": null, "locked_by": null, "first_published_at": "2021-08-03T08:21:53.863Z", "last_published_at": "2021-08-03T08:43:41.097Z", "latest_revision_created_at": "2021-08-03T08:43:41.064Z", "live_revision": 20, "alias_of": null}}, {"model": "wagtailcore.page", "pk": 12, "fields": {"path": "0001000100010006", "depth": 4, "numchild": 0, "translation_key": "cc06eb65-8590-489b-b7f9-c387a5944c36", "locale": 1, "title": "ไส้กรอกอีสานคีโต", "draft_title": "ไส้กรอกอีสานคีโต", "slug": "ไสกรอกอสานคโต", "content_type": 43, "live": true, "has_unpublished_changes": false, "url_path": "/home/product/ไสกรอกอสานคโต/", "owner": 1, "seo_title": "", "show_in_menus": false, "search_description": "", "go_live_at": null, "expire_at": null, "expired": false, "locked": false, "locked_at": null, "locked_by": null, "first_published_at": "2021-08-03T18:51:29.229Z", "last_published_at": "2021-08-03T18:51:29.229Z", "latest_revision_created_at": "2021-08-03T18:51:29.210Z", "live_revision": 21, "alias_of": null}}, {"model": "wagtailcore.pagerevision", "pk": 1, "fields": {"page": 3, "submitted_for_moderation": false, "created_at": "2021-07-28T08:02:13.713Z", "user": 1, "content_json": "{\"pk\": 3, \"path\": \"00010001\", \"depth\": 2, \"numchild\": 0, \"translation_key\": \"09c17e4a-a3bc-4eea-a825-92e391c893e2\", \"locale\": 1, \"title\": \"Home\", \"draft_title\": \"Home\", \"slug\": \"home\", \"content_type\": 2, \"live\": true, \"has_unpublished_changes\": false, \"url_path\": \"/home/\", \"owner\": null, \"seo_title\": \"\", \"show_in_menus\": false, \"search_description\": \"\", \"go_live_at\": null, \"expire_at\": null, \"expired\": false, \"locked\": false, \"locked_at\": null, \"locked_by\": null, \"first_published_at\": null, \"last_published_at\": null, \"latest_revision_created_at\": null, \"live_revision\": null, \"alias_of\": null, \"hero_title\": \"Hello World\", \"hero_text\": \"\\u0e0a\\u0e47\\u0e2d\\u0e1b\\u0e40\\u0e1b\\u0e2d\\u0e23\\u0e4c\\u0e1e\\u0e39\\u0e25 \\u0e01\\u0e24\\u0e29\\u0e13\\u0e4c\\u0e04\\u0e27\\u0e32\\u0e21\\u0e2b\\u0e21\\u0e32\\u0e22 \\u0e40\\u0e14\\u0e1a\\u0e34\\u0e15\\u0e41\\u0e2d\\u0e14\\u0e21\\u0e34\\u0e0a\\u0e0a\\u0e31\\u0e48\\u0e19\\u0e0b\\u0e35\\u0e49\\u0e15\\u0e39\\u0e49\\u0e40\\u0e0b\\u0e1f \\u0e2d\\u0e31\\u0e25\\u0e21\\u0e2d\\u0e19\\u0e14\\u0e4c\\u0e42\\u0e2d\\u0e40\\u0e1b\\u0e2d\\u0e40\\u0e23\\u0e40\\u0e15\\u0e2d\\u0e23\\u0e4c \\u0e01\\u0e32\\u0e23\\u0e31\\u0e19\\u0e15\\u0e35\\u0e2d\\u0e38\\u0e15\\u0e2a\\u0e32\\u0e2b\\u0e01\\u0e32\\u0e23\\u0e27\\u0e32\\u0e0b\\u0e32\\u0e1a\\u0e34\\u0e23\\u0e32\\u0e40\\u0e21\\u0e19 \\u0e19\\u0e34\\u0e27\\u0e23\\u0e35\\u0e42\\u0e21\\u0e15\\u0e44\\u0e2e\\u0e1a\\u0e23\\u0e34\\u0e14\\u0e1a\\u0e2d\\u0e22\\u0e04\\u0e2d\\u0e15\\u0e15\\u0e4c \\u0e2a\\u0e44\\u0e15\\u0e23\\u0e04\\u0e4c\\u0e01\\u0e34\\u0e1f\\u0e17\\u0e4c\\u0e04\\u0e32\\u0e40\\u0e1f\\u0e48\\u0e1f\\u0e23\\u0e38\\u0e15\\u0e40\\u0e2b\\u0e21\\u0e22 \\u0e27\\u0e34\\u0e01\\u0e2a\\u0e40\\u0e15\\u0e22\\u0e4c\\u0e40\\u0e0b\\u0e47\\u0e01\\u0e0b\\u0e35\\u0e48\\u0e40\\u0e15\\u0e4a\\u0e30 \\u0e40\\u0e14\\u0e1a\\u0e34\\u0e15\\u0e2a\\u0e35\\u0e48\\u0e41\\u0e22\\u0e01 \\u0e04\\u0e2d\\u0e19\\u0e40\\u0e1f\\u0e34\\u0e23\\u0e4c\\u0e21\\u0e40\\u0e25\\u0e34\\u0e1f \\u0e41\\u0e0a\\u0e21\\u0e1b\\u0e4c\\u0e2b\\u0e19\\u0e48\\u0e2d\\u0e21\\u0e41\\u0e19\\u0e49\\u0e21 \\u0e40\\u0e17\\u0e04\\u0e27\\u0e31\\u0e19\\u0e42\\u0e14 \\u0e2a\\u0e40\\u0e15\\u0e2d\\u0e23\\u0e34\\u0e42\\u0e2d\\u0e2e\\u0e35\\u0e42\\u0e23\\u0e48 \\u0e40\\u0e17\\u0e04\\u0e27\\u0e31\\u0e19\\u0e42\\u0e14\\u0e2a\\u0e44\\u0e15\\u0e23\\u0e04\\u0e4c \\u0e2a\\u0e31\\u0e19\\u0e17\\u0e19\\u0e32\\u0e01\\u0e32\\u0e23\\u0e40\\u0e08\\u0e4a\\u0e21\\u0e2d\\u0e25\\u0e25\\u0e4c\\u0e2d\\u0e2d\\u0e23\\u0e4c\\u0e41\\u0e01\\u0e19\\u0e40\\u0e21\\u0e08\\u0e34\\u0e01 \\u0e15\\u0e38\\u0e4a\\u0e01\\u0e40\\u0e0b\\u0e47\\u0e01\\u0e0b\\u0e35\\u0e48\\u0e44\\u0e1f\\u0e15\\u0e4c\\u0e2d\\u0e1e\\u0e32\\u0e23\\u0e4c\\u0e17\\u0e40\", \"hero_image\": 1, \"comments\": []}", "approved_go_live_at": null}}, {"model": "wagtailcore.pagerevision", "pk": 2, "fields": {"page": 4, "submitted_for_moderation": false, "created_at": "2021-07-29T16:45:25.415Z", "user": 1, "content_json": "{\"pk\": 4, \"path\": \"000100010001\", \"depth\": 3, \"numchild\": 0, \"translation_key\": \"9f28ffdc-bcf1-42a1-b385-56b3dbb8b52a\", \"locale\": 1, \"title\": \"Products\", \"draft_title\": \"Products\", \"slug\": \"products\", \"content_type\": 42, \"live\": true, \"has_unpublished_changes\": false, \"url_path\": \"/home/products/\", \"owner\": 1, \"seo_title\": \"\", \"show_in_menus\": false, \"search_description\": \"\", \"go_live_at\": null, \"expire_at\": null, \"expired\": false, \"locked\": false, \"locked_at\": null, \"locked_by\": null, \"first_published_at\": null, \"last_published_at\": null, \"latest_revision_created_at\": null, \"live_revision\": null, \"alias_of\": null, \"hero_title\": \"Our Products\", \"hero_text\": \"\\u0e42\\u0e23\\u0e41\\u0e21\\u0e19\\u0e15\\u0e34\\u0e01\\u0e2e\\u0e31\\u0e21 \\u0e04\\u0e2d\\u0e25\\u0e31\\u0e21\\u0e19\\u0e4c\\u0e42\\u0e04\\u0e42\\u0e22\\u0e15\\u0e35 \\u0e41\\u0e08\\u0e21 \\u0e2d\\u0e38\\u0e1b\\u0e31\\u0e17\\u0e27\\u0e40\\u0e2b\\u0e15\\u0e38\\u0e1a\\u0e2d\\u0e14\\u0e35\\u0e49\\u0e04\\u0e23\\u0e39\\u0e40\\u0e2a\\u0e14 \\u0e1a\\u0e39\\u0e21\\u0e01\\u0e23\\u0e35\\u0e19\\u0e0b\\u0e32\\u0e23\\u0e4c\\u0e14\\u0e35\\u0e19 \\u0e40\\u0e2d\\u0e47\\u0e01\\u0e0b\\u0e4c\\u0e40\\u0e1e\\u0e23\\u0e2a\\u0e40\\u0e25\\u0e14\\u0e35\\u0e49 \\u0e42\\u0e2d\\u0e40\\u0e25\\u0e35\\u0e49\\u0e22\\u0e07 \\u0e0b\\u0e31\\u0e21\\u0e40\\u0e21\\u0e2d\\u0e23\\u0e4c\\u0e41\\u0e15\\u0e07\\u0e42\\u0e21 \\u0e40\\u0e0a\\u0e47\\u0e07\\u0e40\\u0e21\\u0e49\\u0e07\\u0e42\\u0e1b\\u0e23\\u0e42\\u0e21\\u0e0a\\u0e31\\u0e48\\u0e19\\u0e42\\u0e14\\u0e21\\u0e34\\u0e42\\u0e19\\u0e17\\u0e35\\u0e27\\u0e35\\u0e04\\u0e33\\u0e2a\\u0e32\\u0e1b \\u0e41\\u0e1e\\u0e15\\u0e40\\u0e17\\u0e34\\u0e23\\u0e4c\\u0e19 \\u0e1c\\u0e39\\u0e49\\u0e19\\u0e33\\u0e23\\u0e32\\u0e40\\u0e21\\u0e47\\u0e07\\u0e23\\u0e32\\u0e21\\u0e40\\u0e17\\u0e1e \\u0e41\\u0e0b\\u0e21\\u0e1a\\u0e49\\u0e32\\u0e41\\u0e08\\u0e21\\u0e42\\u0e01\\u0e40\\u0e15\\u0e47\\u0e01\\u0e0b\\u0e4c\\u0e41\\u0e21\\u0e48\\u0e04\\u0e49\\u0e32 \\u0e08\\u0e38\\u0e4a\\u0e22 \\u0e22\\u0e39\\u0e42\\u0e23 \\u0e23\\u0e32\\u0e01\\u0e2b\\u0e0d\\u0e49\\u0e32\\u0e42\\u0e1a\\u0e27\\u0e4c \\u0e42\\u0e1f\\u0e19\\u0e1b\\u0e4a\\u0e2d\\u0e01\", \"hero_image\": 2, \"comments\": []}", "approved_go_live_at": null}}, {"model": "wagtailcore.pagerevision", "pk": 3, "fields": {"page": 4, "submitted_for_moderation": false, "created_at": "2021-07-29T16:46:00.424Z", "user": 1, "content_json": "{\"pk\": 4, \"path\": \"000100010001\", \"depth\": 3, \"numchild\": 0, \"translation_key\": \"9f28ffdc-bcf1-42a1-b385-56b3dbb8b52a\", \"locale\": 1, \"title\": \"Products\", \"draft_title\": \"Products\", \"slug\": \"product\", \"content_type\": 42, \"live\": true, \"has_unpublished_changes\": false, \"url_path\": \"/home/products/\", \"owner\": 1, \"seo_title\": \"\", \"show_in_menus\": false, \"search_description\": \"\", \"go_live_at\": null, \"expire_at\": null, \"expired\": false, \"locked\": false, \"locked_at\": null, \"locked_by\": null, \"first_published_at\": \"2021-07-29T16:45:25.430Z\", \"last_published_at\": \"2021-07-29T16:45:25.430Z\", \"latest_revision_created_at\": \"2021-07-29T16:45:25.415Z\", \"live_revision\": 2, \"alias_of\": null, \"hero_title\": \"Our Products\", \"hero_text\": \"\\u0e42\\u0e23\\u0e41\\u0e21\\u0e19\\u0e15\\u0e34\\u0e01\\u0e2e\\u0e31\\u0e21 \\u0e04\\u0e2d\\u0e25\\u0e31\\u0e21\\u0e19\\u0e4c\\u0e42\\u0e04\\u0e42\\u0e22\\u0e15\\u0e35 \\u0e41\\u0e08\\u0e21 \\u0e2d\\u0e38\\u0e1b\\u0e31\\u0e17\\u0e27\\u0e40\\u0e2b\\u0e15\\u0e38\\u0e1a\\u0e2d\\u0e14\\u0e35\\u0e49\\u0e04\\u0e23\\u0e39\\u0e40\\u0e2a\\u0e14 \\u0e1a\\u0e39\\u0e21\\u0e01\\u0e23\\u0e35\\u0e19\\u0e0b\\u0e32\\u0e23\\u0e4c\\u0e14\\u0e35\\u0e19 \\u0e40\\u0e2d\\u0e47\\u0e01\\u0e0b\\u0e4c\\u0e40\\u0e1e\\u0e23\\u0e2a\\u0e40\\u0e25\\u0e14\\u0e35\\u0e49 \\u0e42\\u0e2d\\u0e40\\u0e25\\u0e35\\u0e49\\u0e22\\u0e07 \\u0e0b\\u0e31\\u0e21\\u0e40\\u0e21\\u0e2d\\u0e23\\u0e4c\\u0e41\\u0e15\\u0e07\\u0e42\\u0e21 \\u0e40\\u0e0a\\u0e47\\u0e07\\u0e40\\u0e21\\u0e49\\u0e07\\u0e42\\u0e1b\\u0e23\\u0e42\\u0e21\\u0e0a\\u0e31\\u0e48\\u0e19\\u0e42\\u0e14\\u0e21\\u0e34\\u0e42\\u0e19\\u0e17\\u0e35\\u0e27\\u0e35\\u0e04\\u0e33\\u0e2a\\u0e32\\u0e1b \\u0e41\\u0e1e\\u0e15\\u0e40\\u0e17\\u0e34\\u0e23\\u0e4c\\u0e19 \\u0e1c\\u0e39\\u0e49\\u0e19\\u0e33\\u0e23\\u0e32\\u0e40\\u0e21\\u0e47\\u0e07\\u0e23\\u0e32\\u0e21\\u0e40\\u0e17\\u0e1e \\u0e41\\u0e0b\\u0e21\\u0e1a\\u0e49\\u0e32\\u0e41\\u0e08\\u0e21\\u0e42\\u0e01\\u0e40\\u0e15\\u0e47\\u0e01\\u0e0b\\u0e4c\\u0e41\\u0e21\\u0e48\\u0e04\\u0e49\\u0e32 \\u0e08\\u0e38\\u0e4a\\u0e22 \\u0e22\\u0e39\\u0e42\\u0e23 \\u0e23\\u0e32\\u0e01\\u0e2b\\u0e0d\\u0e49\\u0e32\\u0e42\\u0e1a\\u0e27\\u0e4c \\u0e42\\u0e1f\\u0e19\\u0e1b\\u0e4a\\u0e2d\\u0e01\", \"hero_image\": 2, \"comments\": []}", "approved_go_live_at": null}}, {"model": "wagtailcore.pagerevision", "pk": 4, "fields": {"page": 5, "submitted_for_moderation": false, "created_at": "2021-07-29T17:04:32.805Z", "user": 1, "content_json": "{\"pk\": 5, \"path\": \"0001000100010001\", \"depth\": 4, \"numchild\": 0, \"translation_key\": \"8a77dacf-be85-421e-9eac-2524572344ab\", \"locale\": 1, \"title\": \"\\u0e44\\u0e2a\\u0e49\\u0e01\\u0e23\\u0e2d\\u0e01\\u0e2b\\u0e21\\u0e39\\u0e23\\u0e21\\u0e04\\u0e27\\u0e31\\u0e19\", \"draft_title\": \"\\u0e44\\u0e2a\\u0e49\\u0e01\\u0e23\\u0e2d\\u0e01\\u0e2b\\u0e21\\u0e39\\u0e23\\u0e21\\u0e04\\u0e27\\u0e31\\u0e19\", \"slug\": \"\\u0e44\\u0e2a\\u0e01\\u0e23\\u0e2d\\u0e01\\u0e2b\\u0e21\\u0e23\\u0e21\\u0e04\\u0e27\\u0e19\", \"content_type\": 43, \"live\": true, \"has_unpublished_changes\": false, \"url_path\": \"/home/product/\\u0e44\\u0e2a\\u0e01\\u0e23\\u0e2d\\u0e01\\u0e2b\\u0e21\\u0e23\\u0e21\\u0e04\\u0e27\\u0e19/\", \"owner\": 1, \"seo_title\": \"\", \"show_in_menus\": false, \"search_description\": \"\", \"go_live_at\": null, \"expire_at\": null, \"expired\": false, \"locked\": false, \"locked_at\": null, \"locked_by\": null, \"first_published_at\": null, \"last_published_at\": null, \"latest_revision_created_at\": null, \"live_revision\": null, \"alias_of\": null, \"product_title\": \"\\u0e44\\u0e2a\\u0e49\\u0e01\\u0e23\\u0e2d\\u0e01\\u0e2b\\u0e21\\u0e39\\u0e23\\u0e21\\u0e04\\u0e27\\u0e31\\u0e19\", \"product_description\": \"\\u0e44\\u0e2a\\u0e49\\u0e01\\u0e23\\u0e2d\\u0e01\\u0e2b\\u0e21\\u0e39\\u0e23\\u0e21\\u0e04\\u0e27\\u0e31\\u0e19 (Frankfurter) 120 \\u0e1a\\u0e32\\u0e17/\\u0e41\\u0e1e\\u0e04 \\u0e1a\\u0e23\\u0e23\\u0e08\\u0e38 2 \\u0e0a\\u0e34\\u0e49\\u0e19 \\u0e19\\u0e49\\u0e33\\u0e2b\\u0e19\\u0e31\\u0e01 200 \\u0e01\\u0e23\\u0e31\\u0e21\", \"product_image\": 3, \"comments\": []}", "approved_go_live_at": null}}, {"model": "wagtailcore.pagerevision", "pk": 5, "fields": {"page": 6, "submitted_for_moderation": false, "created_at": "2021-07-29T17:20:23.307Z", "user": 1, "content_json": "{\"pk\": 6, \"path\": \"0001000100010002\", \"depth\": 4, \"numchild\": 0, \"translation_key\": \"ce756d50-7f91-4aa2-9fb3-53f756276c20\", \"locale\": 1, \"title\": \"\\u0e44\\u0e2a\\u0e49\\u0e01\\u0e23\\u0e2d\\u0e01\\u0e2b\\u0e21\\u0e39\\u0e1e\\u0e23\\u0e34\\u0e01\\u0e2a\\u0e14\", \"draft_title\": \"\\u0e44\\u0e2a\\u0e49\\u0e01\\u0e23\\u0e2d\\u0e01\\u0e2b\\u0e21\\u0e39\\u0e1e\\u0e23\\u0e34\\u0e01\\u0e2a\\u0e14\", \"slug\": \"\\u0e44\\u0e2a\\u0e01\\u0e23\\u0e2d\\u0e01\\u0e2b\\u0e21\\u0e1e\\u0e23\\u0e01\\u0e2a\\u0e14\", \"content_type\": 43, \"live\": true, \"has_unpublished_changes\": false, \"url_path\": \"/home/product/\\u0e44\\u0e2a\\u0e01\\u0e23\\u0e2d\\u0e01\\u0e2b\\u0e21\\u0e1e\\u0e23\\u0e01\\u0e2a\\u0e14/\", \"owner\": 1, \"seo_title\": \"\", \"show_in_menus\": false, \"search_description\": \"\", \"go_live_at\": null, \"expire_at\": null, \"expired\": false, \"locked\": false, \"locked_at\": null, \"locked_by\": null, \"first_published_at\": null, \"last_published_at\": null, \"latest_revision_created_at\": null, \"live_revision\": null, \"alias_of\": null, \"product_title\": \"\\u0e44\\u0e2a\\u0e49\\u0e01\\u0e23\\u0e2d\\u0e01\\u0e2b\\u0e21\\u0e39\\u0e1e\\u0e23\\u0e34\\u0e01\\u0e2a\\u0e14\", \"product_description\": \"\\u0e44\\u0e2a\\u0e49\\u0e01\\u0e23\\u0e2d\\u0e01\\u0e2b\\u0e21\\u0e39\\u0e1e\\u0e23\\u0e34\\u0e01\\u0e02\\u0e35\\u0e49\\u0e2b\\u0e19\\u0e39\\u0e2a\\u0e14 (Chilli) 120 \\u0e1a\\u0e32\\u0e17/\\u0e41\\u0e1e\\u0e04 \\u0e1a\\u0e23\\u0e23\\u0e08\\u0e38 2 \\u0e0a\\u0e34\\u0e49\\u0e19 \\u0e19\\u0e49\\u0e33\\u0e2b\\u0e19\\u0e31\\u0e01 200 \\u0e01\\u0e23\\u0e31\\u0e21\", \"product_image\": 4, \"comments\": []}", "approved_go_live_at": null}}, {"model": "wagtailcore.pagerevision", "pk": 6, "fields": {"page": 3, "submitted_for_moderation": false, "created_at": "2021-07-29T19:08:24.082Z", "user": 1, "content_json": "{\"pk\": 3, \"path\": \"00010001\", \"depth\": 2, \"numchild\": 1, \"translation_key\": \"09c17e4a-a3bc-4eea-a825-92e391c893e2\", \"locale\": 1, \"title\": \"Home\", \"draft_title\": \"Home\", \"slug\": \"home\", \"content_type\": 2, \"live\": true, \"has_unpublished_changes\": false, \"url_path\": \"/home/\", \"owner\": null, \"seo_title\": \"\", \"show_in_menus\": false, \"search_description\": \"\", \"go_live_at\": null, \"expire_at\": null, \"expired\": false, \"locked\": false, \"locked_at\": null, \"locked_by\": null, \"first_published_at\": \"2021-07-28T08:02:13.734Z\", \"last_published_at\": \"2021-07-28T08:02:13.734Z\", \"latest_revision_created_at\": \"2021-07-28T08:02:13.713Z\", \"live_revision\": 1, \"alias_of\": null, \"hero_title\": \"Hello World\", \"hero_text\": \"\\u0e0a\\u0e47\\u0e2d\\u0e1b\\u0e40\\u0e1b\\u0e2d\\u0e23\\u0e4c\\u0e1e\\u0e39\\u0e25 \\u0e01\\u0e24\\u0e29\\u0e13\\u0e4c\\u0e04\\u0e27\\u0e32\\u0e21\\u0e2b\\u0e21\\u0e32\\u0e22 \\u0e40\\u0e14\\u0e1a\\u0e34\\u0e15\\u0e41\\u0e2d\\u0e14\\u0e21\\u0e34\\u0e0a\\u0e0a\\u0e31\\u0e48\\u0e19\\u0e0b\\u0e35\\u0e49\\u0e15\\u0e39\\u0e49\\u0e40\\u0e0b\\u0e1f \\u0e2d\\u0e31\\u0e25\\u0e21\\u0e2d\\u0e19\\u0e14\\u0e4c\\u0e42\\u0e2d\\u0e40\\u0e1b\\u0e2d\\u0e40\\u0e23\\u0e40\\u0e15\\u0e2d\\u0e23\\u0e4c \\u0e01\\u0e32\\u0e23\\u0e31\\u0e19\\u0e15\\u0e35\\u0e2d\\u0e38\\u0e15\\u0e2a\\u0e32\\u0e2b\\u0e01\\u0e32\\u0e23\\u0e27\\u0e32\\u0e0b\\u0e32\\u0e1a\\u0e34\\u0e23\\u0e32\\u0e40\\u0e21\\u0e19 \\u0e19\\u0e34\\u0e27\\u0e23\\u0e35\\u0e42\\u0e21\\u0e15\\u0e44\\u0e2e\\u0e1a\\u0e23\\u0e34\\u0e14\\u0e1a\\u0e2d\\u0e22\\u0e04\\u0e2d\\u0e15\\u0e15\\u0e4c \\u0e2a\\u0e44\\u0e15\\u0e23\\u0e04\\u0e4c\\u0e01\\u0e34\\u0e1f\\u0e17\\u0e4c\\u0e04\\u0e32\\u0e40\\u0e1f\\u0e48\\u0e1f\\u0e23\\u0e38\\u0e15\\u0e40\\u0e2b\\u0e21\\u0e22 \\u0e27\\u0e34\\u0e01\\u0e2a\\u0e40\\u0e15\\u0e22\\u0e4c\\u0e40\\u0e0b\\u0e47\\u0e01\\u0e0b\\u0e35\\u0e48\\u0e40\\u0e15\\u0e4a\\u0e30 \\u0e40\\u0e14\\u0e1a\\u0e34\\u0e15\\u0e2a\\u0e35\\u0e48\\u0e41\\u0e22\\u0e01 \\u0e04\\u0e2d\\u0e19\\u0e40\\u0e1f\\u0e34\\u0e23\\u0e4c\\u0e21\\u0e40\\u0e25\\u0e34\\u0e1f \\u0e41\\u0e0a\\u0e21\\u0e1b\\u0e4c\\u0e2b\\u0e19\\u0e48\\u0e2d\\u0e21\\u0e41\\u0e19\\u0e49\\u0e21 \\u0e40\\u0e17\\u0e04\\u0e27\\u0e31\\u0e19\\u0e42\\u0e14 \\u0e2a\\u0e40\\u0e15\\u0e2d\\u0e23\\u0e34\\u0e42\\u0e2d\\u0e2e\\u0e35\\u0e42\\u0e23\\u0e48 \\u0e40\\u0e17\\u0e04\\u0e27\\u0e31\\u0e19\\u0e42\\u0e14\\u0e2a\\u0e44\\u0e15\\u0e23\\u0e04\\u0e4c \\u0e2a\\u0e31\\u0e19\\u0e17\\u0e19\\u0e32\\u0e01\\u0e32\\u0e23\\u0e40\\u0e08\\u0e4a\\u0e21\\u0e2d\\u0e25\\u0e25\\u0e4c\\u0e2d\\u0e2d\\u0e23\\u0e4c\\u0e41\\u0e01\\u0e19\\u0e40\\u0e21\\u0e08\\u0e34\\u0e01 \\u0e15\\u0e38\\u0e4a\\u0e01\\u0e40\\u0e0b\\u0e47\\u0e01\\u0e0b\\u0e35\\u0e48\\u0e44\\u0e1f\\u0e15\\u0e4c\\u0e2d\\u0e1e\\u0e32\\u0e23\\u0e4c\\u0e17\\u0e40\", \"hero_image\": 1, \"comments\": [], \"featureds\": [5, 6]}", "approved_go_live_at": null}}, {"model": "wagtailcore.pagerevision", "pk": 7, "fields": {"page": 3, "submitted_for_moderation": false, "created_at": "2021-07-30T15:41:02.797Z", "user": 1, "content_json": "{\"pk\": 3, \"path\": \"00010001\", \"depth\": 2, \"numchild\": 1, \"translation_key\": \"09c17e4a-a3bc-4eea-a825-92e391c893e2\", \"locale\": 1, \"title\": \"Home\", \"draft_title\": \"Home\", \"slug\": \"home\", \"content_type\": 2, \"live\": true, \"has_unpublished_changes\": false, \"url_path\": \"/home/\", \"owner\": null, \"seo_title\": \"\", \"show_in_menus\": false, \"search_description\": \"\", \"go_live_at\": null, \"expire_at\": null, \"expired\": false, \"locked\": false, \"locked_at\": null, \"locked_by\": null, \"first_published_at\": \"2021-07-28T08:02:13.734Z\", \"last_published_at\": \"2021-07-29T19:08:24.107Z\", \"latest_revision_created_at\": \"2021-07-29T19:08:24.082Z\", \"live_revision\": 6, \"alias_of\": null, \"hero_title\": \"\\u0e17\\u0e35\\u0e48\\u0e21\\u0e32\\u0e02\\u0e2d\\u0e07\\u0e44\\u0e2a\\u0e49\\u0e01\\u0e23\\u0e2d\\u0e01\\u0e40\\u0e22\\u0e2d\\u0e23\\u0e21\\u0e31\\u0e19 \\u0e17\\u0e35\\u0e48\\u0e21\\u0e32\\u0e08\\u0e32\\u0e01\\u0e04\\u0e27\\u0e32\\u0e21\\u0e0a\\u0e2d\\u0e1a \\\"\\u0e01\\u0e34\\u0e19\\\"\", \"hero_text\": \"\\u0e43\\u0e19\\u0e23\\u0e30\\u0e2b\\u0e27\\u0e48\\u0e32\\u0e07\\u0e01\\u0e32\\u0e23\\u0e19\\u0e31\\u0e14\\u0e04\\u0e38\\u0e22\\u0e07\\u0e32\\u0e19 \\u0e02\\u0e2d\\u0e07\\u0e2a\\u0e16\\u0e32\\u0e1b\\u0e19\\u0e34\\u0e01 \\u0e41\\u0e25\\u0e30\\u0e0b\\u0e34\\u0e19\\u0e41\\u0e2a\\u0e1e\\u0e35\\u0e48\\u0e19\\u0e49\\u0e2d\\u0e07\\u0e23\\u0e48\\u0e27\\u0e21\\u0e2a\\u0e16\\u0e32\\u0e1a\\u0e31\\u0e19 \\u0e08\\u0e19\\u0e40\\u0e01\\u0e34\\u0e14\\u0e18\\u0e38\\u0e23\\u0e01\\u0e34\\u0e08\\u0e23\\u0e49\\u0e32\\u0e19\\u0e44\\u0e2a\\u0e49\\u0e01\\u0e23\\u0e2d\\u0e01\\u0e40\\u0e22\\u0e2d\\u0e23\\u0e21\\u0e31\\u0e19\\u0e17\\u0e35\\u0e48\\u0e16\\u0e39\\u0e01\\u0e1b\\u0e32\\u0e01\\u0e04\\u0e19\\u0e44\\u0e17\\u0e22\\u0e17\\u0e35\\u0e48\\u0e2a\\u0e38\\u0e14 \\\"\\u0e44\\u0e2a\\u0e49\\u0e01\\u0e23\\u0e2d\\u0e01\\u0e40\\u0e22\\u0e2d\\u0e23\\u0e21\\u0e31\\u0e19\\u0e23\\u0e32\\u0e04\\u0e32\\u0e2b\\u0e25\\u0e31\\u0e01\\u0e23\\u0e49\\u0e2d\\u0e22 \\u0e04\\u0e27\\u0e32\\u0e21\\u0e2d\\u0e23\\u0e48\\u0e2d\\u0e22\\u0e2b\\u0e25\\u0e31\\u0e01\\u0e25\\u0e49\\u0e32\\u0e19\\\"\", \"hero_image\": 1, \"comments\": [], \"featureds\": [5, 6]}", "approved_go_live_at": null}}, {"model": "wagtailcore.pagerevision", "pk": 8, "fields": {"page": 7, "submitted_for_moderation": false, "created_at": "2021-07-31T08:12:55.088Z", "user": 1, "content_json": "{\"pk\": 7, \"path\": \"0001000100010003\", \"depth\": 4, \"numchild\": 0, \"translation_key\": \"008b28d4-8994-4248-962e-bb3ea0b95a88\", \"locale\": 1, \"title\": \"\\u0e44\\u0e2a\\u0e49\\u0e01\\u0e23\\u0e2d\\u0e01\\u0e2b\\u0e21\\u0e39\\u0e01\\u0e23\\u0e30\\u0e40\\u0e17\\u0e35\\u0e22\\u0e21\", \"draft_title\": \"\\u0e44\\u0e2a\\u0e49\\u0e01\\u0e23\\u0e2d\\u0e01\\u0e2b\\u0e21\\u0e39\\u0e01\\u0e23\\u0e30\\u0e40\\u0e17\\u0e35\\u0e22\\u0e21\", \"slug\": \"\\u0e44\\u0e2a\\u0e01\\u0e23\\u0e2d\\u0e01\\u0e2b\\u0e21\\u0e01\\u0e23\\u0e30\\u0e40\\u0e17\\u0e22\\u0e21\", \"content_type\": 43, \"live\": true, \"has_unpublished_changes\": false, \"url_path\": \"/home/product/\\u0e44\\u0e2a\\u0e01\\u0e23\\u0e2d\\u0e01\\u0e2b\\u0e21\\u0e01\\u0e23\\u0e30\\u0e40\\u0e17\\u0e22\\u0e21/\", \"owner\": 1, \"seo_title\": \"\", \"show_in_menus\": false, \"search_description\": \"\", \"go_live_at\": null, \"expire_at\": null, \"expired\": false, \"locked\": false, \"locked_at\": null, \"locked_by\": null, \"first_published_at\": null, \"last_published_at\": null, \"latest_revision_created_at\": null, \"live_revision\": null, \"alias_of\": null, \"product_title\": \"\\u0e44\\u0e2a\\u0e49\\u0e01\\u0e23\\u0e2d\\u0e01\\u0e2b\\u0e21\\u0e39\\u0e01\\u0e23\\u0e30\\u0e40\\u0e17\\u0e35\\u0e22\\u0e21\", \"product_description\": \"\\u0e1f\\u0e2b\\u0e01\\u0e14\\u0e1f\\u0e2b\\u0e01\\u0e14\\u0e1f\\u0e2b\\u0e01\\u0e14\\u0e1f\\u0e2b\\u0e01\\u0e14\\u0e1f\", \"product_image\": 5, \"comments\": []}", "approved_go_live_at": null}}, {"model": "wagtailcore.pagerevision", "pk": 9, "fields": {"page": 8, "submitted_for_moderation": false, "created_at": "2021-07-31T08:13:52.197Z", "user": 1, "content_json": "{\"pk\": 8, \"path\": \"0001000100010004\", \"depth\": 4, \"numchild\": 0, \"translation_key\": \"c7b25709-36b9-4854-bd2b-d0f4554c50d3\", \"locale\": 1, \"title\": \"\\u0e44\\u0e2a\\u0e49\\u0e01\\u0e23\\u0e2d\\u0e01\\u0e2b\\u0e21\\u0e39\\u0e1e\\u0e23\\u0e34\\u0e01\\u0e44\\u0e17\\u0e22\\u0e2a\\u0e14\", \"draft_title\": \"\\u0e44\\u0e2a\\u0e49\\u0e01\\u0e23\\u0e2d\\u0e01\\u0e2b\\u0e21\\u0e39\\u0e1e\\u0e23\\u0e34\\u0e01\\u0e44\\u0e17\\u0e22\\u0e2a\\u0e14\", \"slug\": \"\\u0e44\\u0e2a\\u0e01\\u0e23\\u0e2d\\u0e01\\u0e2b\\u0e21\\u0e1e\\u0e23\\u0e01\\u0e44\\u0e17\\u0e22\\u0e2a\\u0e14\", \"content_type\": 43, \"live\": true, \"has_unpublished_changes\": false, \"url_path\": \"/home/product/\\u0e44\\u0e2a\\u0e01\\u0e23\\u0e2d\\u0e01\\u0e2b\\u0e21\\u0e1e\\u0e23\\u0e01\\u0e44\\u0e17\\u0e22\\u0e2a\\u0e14/\", \"owner\": 1, \"seo_title\": \"\", \"show_in_menus\": false, \"search_description\": \"\", \"go_live_at\": null, \"expire_at\": null, \"expired\": false, \"locked\": false, \"locked_at\": null, \"locked_by\": null, \"first_published_at\": null, \"last_published_at\": null, \"latest_revision_created_at\": null, \"live_revision\": null, \"alias_of\": null, \"product_title\": \"\\u0e44\\u0e2a\\u0e49\\u0e01\\u0e23\\u0e2d\\u0e01\\u0e2b\\u0e21\\u0e39\\u0e1e\\u0e23\\u0e34\\u0e01\\u0e44\\u0e17\\u0e22\\u0e2a\\u0e14\", \"product_description\": \"\\u0e1f\\u0e2b\\u0e01\\u0e14\\u0e1f\\u0e2b\\u0e01\\u0e14\\u0e1f\\u0e2b\\u0e01\\u0e14\\u0e1f\\u0e2b\\u0e01\\u0e14\\u0e1f\\u0e01\\u0e14\", \"product_image\": 6, \"comments\": []}", "approved_go_live_at": null}}, {"model": "wagtailcore.pagerevision", "pk": 10, "fields": {"page": 9, "submitted_for_moderation": false, "created_at": "2021-08-02T06:57:03.125Z", "user": 1, "content_json": "{\"pk\": 9, \"path\": \"0001000100010005\", \"depth\": 4, \"numchild\": 0, \"translation_key\": \"cf8272e7-8e73-4725-b905-cefad7921d1f\", \"locale\": 1, \"title\": \"\\u0e44\\u0e2a\\u0e49\\u0e01\\u0e23\\u0e2d\\u0e01\\u0e40\\u0e19\\u0e37\\u0e49\\u0e2d\\u0e25\\u0e39\\u0e01\\u0e27\\u0e31\\u0e27\", \"draft_title\": \"\\u0e44\\u0e2a\\u0e49\\u0e01\\u0e23\\u0e2d\\u0e01\\u0e40\\u0e19\\u0e37\\u0e49\\u0e2d\\u0e25\\u0e39\\u0e01\\u0e27\\u0e31\\u0e27\", \"slug\": \"\\u0e44\\u0e2a\\u0e01\\u0e23\\u0e2d\\u0e01\\u0e40\\u0e19\\u0e2d\\u0e25\\u0e01\\u0e27\\u0e27\", \"content_type\": 43, \"live\": true, \"has_unpublished_changes\": false, \"url_path\": \"/home/product/\\u0e44\\u0e2a\\u0e01\\u0e23\\u0e2d\\u0e01\\u0e40\\u0e19\\u0e2d\\u0e25\\u0e01\\u0e27\\u0e27/\", \"owner\": 1, \"seo_title\": \"\", \"show_in_menus\": false, \"search_description\": \"\", \"go_live_at\": null, \"expire_at\": null, \"expired\": false, \"locked\": false, \"locked_at\": null, \"locked_by\": null, \"first_published_at\": null, \"last_published_at\": null, \"latest_revision_created_at\": null, \"live_revision\": null, \"alias_of\": null, \"product_title\": \"\\u0e44\\u0e2a\\u0e49\\u0e01\\u0e23\\u0e2d\\u0e01\\u0e40\\u0e19\\u0e37\\u0e49\\u0e2d\\u0e25\\u0e39\\u0e01\\u0e27\\u0e31\\u0e27\", \"product_description\": \"\\u0e44\\u0e2a\\u0e49\\u0e01\\u0e23\\u0e2d\\u0e01\\u0e40\\u0e19\\u0e37\\u0e49\\u0e2d\\u0e25\\u0e39\\u0e01\\u0e27\\u0e31\\u0e27\", \"product_image\": 7, \"comments\": []}", "approved_go_live_at": null}}, {"model": "wagtailcore.pagerevision", "pk": 11, "fields": {"page": 3, "submitted_for_moderation": false, "created_at": "2021-08-02T06:59:12.089Z", "user": 1, "content_json": "{\"pk\": 3, \"path\": \"00010001\", \"depth\": 2, \"numchild\": 1, \"translation_key\": \"09c17e4a-a3bc-4eea-a825-92e391c893e2\", \"locale\": 1, \"title\": \"Home\", \"draft_title\": \"Home\", \"slug\": \"home\", \"content_type\": 2, \"live\": true, \"has_unpublished_changes\": false, \"url_path\": \"/home/\", \"owner\": null, \"seo_title\": \"\", \"show_in_menus\": false, \"search_description\": \"\", \"go_live_at\": null, \"expire_at\": null, \"expired\": false, \"locked\": false, \"locked_at\": null, \"locked_by\": null, \"first_published_at\": \"2021-07-28T08:02:13.734Z\", \"last_published_at\": \"2021-07-30T15:41:02.819Z\", \"latest_revision_created_at\": \"2021-07-30T15:41:02.797Z\", \"live_revision\": 7, \"alias_of\": null, \"hero_title\": \"\\u0e17\\u0e35\\u0e48\\u0e21\\u0e32\\u0e02\\u0e2d\\u0e07\\u0e44\\u0e2a\\u0e49\\u0e01\\u0e23\\u0e2d\\u0e01\\u0e40\\u0e22\\u0e2d\\u0e23\\u0e21\\u0e31\\u0e19 \\u0e17\\u0e35\\u0e48\\u0e21\\u0e32\\u0e08\\u0e32\\u0e01\\u0e04\\u0e27\\u0e32\\u0e21\\u0e0a\\u0e2d\\u0e1a \\\"\\u0e01\\u0e34\\u0e19\\\"\", \"hero_text\": \"\\u0e43\\u0e19\\u0e23\\u0e30\\u0e2b\\u0e27\\u0e48\\u0e32\\u0e07\\u0e01\\u0e32\\u0e23\\u0e19\\u0e31\\u0e14\\u0e04\\u0e38\\u0e22\\u0e07\\u0e32\\u0e19 \\u0e02\\u0e2d\\u0e07\\u0e2a\\u0e16\\u0e32\\u0e1b\\u0e19\\u0e34\\u0e01 \\u0e41\\u0e25\\u0e30\\u0e0b\\u0e34\\u0e19\\u0e41\\u0e2a\\u0e1e\\u0e35\\u0e48\\u0e19\\u0e49\\u0e2d\\u0e07\\u0e23\\u0e48\\u0e27\\u0e21\\u0e2a\\u0e16\\u0e32\\u0e1a\\u0e31\\u0e19 \\u0e08\\u0e19\\u0e40\\u0e01\\u0e34\\u0e14\\u0e18\\u0e38\\u0e23\\u0e01\\u0e34\\u0e08\\u0e23\\u0e49\\u0e32\\u0e19\\u0e44\\u0e2a\\u0e49\\u0e01\\u0e23\\u0e2d\\u0e01\\u0e40\\u0e22\\u0e2d\\u0e23\\u0e21\\u0e31\\u0e19\\u0e17\\u0e35\\u0e48\\u0e16\\u0e39\\u0e01\\u0e1b\\u0e32\\u0e01\\u0e04\\u0e19\\u0e44\\u0e17\\u0e22\\u0e17\\u0e35\\u0e48\\u0e2a\\u0e38\\u0e14 \\\"\\u0e44\\u0e2a\\u0e49\\u0e01\\u0e23\\u0e2d\\u0e01\\u0e40\\u0e22\\u0e2d\\u0e23\\u0e21\\u0e31\\u0e19\\u0e23\\u0e32\\u0e04\\u0e32\\u0e2b\\u0e25\\u0e31\\u0e01\\u0e23\\u0e49\\u0e2d\\u0e22 \\u0e04\\u0e27\\u0e32\\u0e21\\u0e2d\\u0e23\\u0e48\\u0e2d\\u0e22\\u0e2b\\u0e25\\u0e31\\u0e01\\u0e25\\u0e49\\u0e32\\u0e19\\\"\", \"hero_image\": 1, \"comments\": [], \"featureds\": [5, 6, 9]}", "approved_go_live_at": null}}, {"model": "wagtailcore.pagerevision", "pk": 12, "fields": {"page": 5, "submitted_for_moderation": false, "created_at": "2021-08-02T08:39:01.834Z", "user": 1, "content_json": "{\"pk\": 5, \"path\": \"0001000100010001\", \"depth\": 4, \"numchild\": 0, \"translation_key\": \"8a77dacf-be85-421e-9eac-2524572344ab\", \"locale\": 1, \"title\": \"\\u0e44\\u0e2a\\u0e49\\u0e01\\u0e23\\u0e2d\\u0e01\\u0e2b\\u0e21\\u0e39\\u0e23\\u0e21\\u0e04\\u0e27\\u0e31\\u0e19\", \"draft_title\": \"\\u0e44\\u0e2a\\u0e49\\u0e01\\u0e23\\u0e2d\\u0e01\\u0e2b\\u0e21\\u0e39\\u0e23\\u0e21\\u0e04\\u0e27\\u0e31\\u0e19\", \"slug\": \"\\u0e44\\u0e2a\\u0e01\\u0e23\\u0e2d\\u0e01\\u0e2b\\u0e21\\u0e23\\u0e21\\u0e04\\u0e27\\u0e19\", \"content_type\": 43, \"live\": true, \"has_unpublished_changes\": false, \"url_path\": \"/home/product/\\u0e44\\u0e2a\\u0e01\\u0e23\\u0e2d\\u0e01\\u0e2b\\u0e21\\u0e23\\u0e21\\u0e04\\u0e27\\u0e19/\", \"owner\": 1, \"seo_title\": \"\", \"show_in_menus\": false, \"search_description\": \"\", \"go_live_at\": null, \"expire_at\": null, \"expired\": false, \"locked\": false, \"locked_at\": null, \"locked_by\": null, \"first_published_at\": \"2021-07-29T17:04:32.823Z\", \"last_published_at\": \"2021-07-29T17:04:32.823Z\", \"latest_revision_created_at\": \"2021-07-29T17:04:32.805Z\", \"live_revision\": 4, \"alias_of\": null, \"product_title\": \"\\u0e44\\u0e2a\\u0e49\\u0e01\\u0e23\\u0e2d\\u0e01\\u0e2b\\u0e21\\u0e39\\u0e23\\u0e21\\u0e04\\u0e27\\u0e31\\u0e19\", \"product_description\": \"\\u0e44\\u0e2a\\u0e49\\u0e01\\u0e23\\u0e2d\\u0e01\\u0e2b\\u0e21\\u0e39\\u0e23\\u0e21\\u0e04\\u0e27\\u0e31\\u0e19 (Frankfurter) 120 \\u0e1a\\u0e32\\u0e17/\\u0e41\\u0e1e\\u0e04 \\u0e1a\\u0e23\\u0e23\\u0e08\\u0e38 2 \\u0e0a\\u0e34\\u0e49\\u0e19 \\u0e19\\u0e49\\u0e33\\u0e2b\\u0e19\\u0e31\\u0e01 200 \\u0e01\\u0e23\\u0e31\\u0e21\", \"product_image\": 3, \"product_category\": 1, \"comments\": []}", "approved_go_live_at": null}}, {"model": "wagtailcore.pagerevision", "pk": 13, "fields": {"page": 9, "submitted_for_moderation": false, "created_at": "2021-08-02T08:39:15.562Z", "user": 1, "content_json": "{\"pk\": 9, \"path\": \"0001000100010005\", \"depth\": 4, \"numchild\": 0, \"translation_key\": \"cf8272e7-8e73-4725-b905-cefad7921d1f\", \"locale\": 1, \"title\": \"\\u0e44\\u0e2a\\u0e49\\u0e01\\u0e23\\u0e2d\\u0e01\\u0e40\\u0e19\\u0e37\\u0e49\\u0e2d\\u0e25\\u0e39\\u0e01\\u0e27\\u0e31\\u0e27\", \"draft_title\": \"\\u0e44\\u0e2a\\u0e49\\u0e01\\u0e23\\u0e2d\\u0e01\\u0e40\\u0e19\\u0e37\\u0e49\\u0e2d\\u0e25\\u0e39\\u0e01\\u0e27\\u0e31\\u0e27\", \"slug\": \"\\u0e44\\u0e2a\\u0e01\\u0e23\\u0e2d\\u0e01\\u0e40\\u0e19\\u0e2d\\u0e25\\u0e01\\u0e27\\u0e27\", \"content_type\": 43, \"live\": true, \"has_unpublished_changes\": false, \"url_path\": \"/home/product/\\u0e44\\u0e2a\\u0e01\\u0e23\\u0e2d\\u0e01\\u0e40\\u0e19\\u0e2d\\u0e25\\u0e01\\u0e27\\u0e27/\", \"owner\": 1, \"seo_title\": \"\", \"show_in_menus\": false, \"search_description\": \"\", \"go_live_at\": null, \"expire_at\": null, \"expired\": false, \"locked\": false, \"locked_at\": null, \"locked_by\": null, \"first_published_at\": \"2021-08-02T06:57:03.144Z\", \"last_published_at\": \"2021-08-02T06:57:03.144Z\", \"latest_revision_created_at\": \"2021-08-02T06:57:03.125Z\", \"live_revision\": 10, \"alias_of\": null, \"product_title\": \"\\u0e44\\u0e2a\\u0e49\\u0e01\\u0e23\\u0e2d\\u0e01\\u0e40\\u0e19\\u0e37\\u0e49\\u0e2d\\u0e25\\u0e39\\u0e01\\u0e27\\u0e31\\u0e27\", \"product_description\": \"\\u0e44\\u0e2a\\u0e49\\u0e01\\u0e23\\u0e2d\\u0e01\\u0e40\\u0e19\\u0e37\\u0e49\\u0e2d\\u0e25\\u0e39\\u0e01\\u0e27\\u0e31\\u0e27\", \"product_image\": 7, \"product_category\": 1, \"comments\": []}", "approved_go_live_at": null}}, {"model": "wagtailcore.pagerevision", "pk": 14, "fields": {"page": 8, "submitted_for_moderation": false, "created_at": "2021-08-02T08:39:30.287Z", "user": 1, "content_json": "{\"pk\": 8, \"path\": \"0001000100010004\", \"depth\": 4, \"numchild\": 0, \"translation_key\": \"c7b25709-36b9-4854-bd2b-d0f4554c50d3\", \"locale\": 1, \"title\": \"\\u0e44\\u0e2a\\u0e49\\u0e01\\u0e23\\u0e2d\\u0e01\\u0e2b\\u0e21\\u0e39\\u0e1e\\u0e23\\u0e34\\u0e01\\u0e44\\u0e17\\u0e22\\u0e2a\\u0e14\", \"draft_title\": \"\\u0e44\\u0e2a\\u0e49\\u0e01\\u0e23\\u0e2d\\u0e01\\u0e2b\\u0e21\\u0e39\\u0e1e\\u0e23\\u0e34\\u0e01\\u0e44\\u0e17\\u0e22\\u0e2a\\u0e14\", \"slug\": \"\\u0e44\\u0e2a\\u0e01\\u0e23\\u0e2d\\u0e01\\u0e2b\\u0e21\\u0e1e\\u0e23\\u0e01\\u0e44\\u0e17\\u0e22\\u0e2a\\u0e14\", \"content_type\": 43, \"live\": true, \"has_unpublished_changes\": false, \"url_path\": \"/home/product/\\u0e44\\u0e2a\\u0e01\\u0e23\\u0e2d\\u0e01\\u0e2b\\u0e21\\u0e1e\\u0e23\\u0e01\\u0e44\\u0e17\\u0e22\\u0e2a\\u0e14/\", \"owner\": 1, \"seo_title\": \"\", \"show_in_menus\": false, \"search_description\": \"\", \"go_live_at\": null, \"expire_at\": null, \"expired\": false, \"locked\": false, \"locked_at\": null, \"locked_by\": null, \"first_published_at\": \"2021-07-31T08:13:52.214Z\", \"last_published_at\": \"2021-07-31T08:13:52.214Z\", \"latest_revision_created_at\": \"2021-07-31T08:13:52.197Z\", \"live_revision\": 9, \"alias_of\": null, \"product_title\": \"\\u0e44\\u0e2a\\u0e49\\u0e01\\u0e23\\u0e2d\\u0e01\\u0e2b\\u0e21\\u0e39\\u0e1e\\u0e23\\u0e34\\u0e01\\u0e44\\u0e17\\u0e22\\u0e2a\\u0e14\", \"product_description\": \"\\u0e1f\\u0e2b\\u0e01\\u0e14\\u0e1f\\u0e2b\\u0e01\\u0e14\\u0e1f\\u0e2b\\u0e01\\u0e14\\u0e1f\\u0e2b\\u0e01\\u0e14\\u0e1f\\u0e01\\u0e14\", \"product_image\": 6, \"product_category\": 2, \"comments\": []}", "approved_go_live_at": null}}, {"model": "wagtailcore.pagerevision", "pk": 15, "fields": {"page": 7, "submitted_for_moderation": false, "created_at": "2021-08-02T08:39:42.996Z", "user": 1, "content_json": "{\"pk\": 7, \"path\": \"0001000100010003\", \"depth\": 4, \"numchild\": 0, \"translation_key\": \"008b28d4-8994-4248-962e-bb3ea0b95a88\", \"locale\": 1, \"title\": \"\\u0e44\\u0e2a\\u0e49\\u0e01\\u0e23\\u0e2d\\u0e01\\u0e2b\\u0e21\\u0e39\\u0e01\\u0e23\\u0e30\\u0e40\\u0e17\\u0e35\\u0e22\\u0e21\", \"draft_title\": \"\\u0e44\\u0e2a\\u0e49\\u0e01\\u0e23\\u0e2d\\u0e01\\u0e2b\\u0e21\\u0e39\\u0e01\\u0e23\\u0e30\\u0e40\\u0e17\\u0e35\\u0e22\\u0e21\", \"slug\": \"\\u0e44\\u0e2a\\u0e01\\u0e23\\u0e2d\\u0e01\\u0e2b\\u0e21\\u0e01\\u0e23\\u0e30\\u0e40\\u0e17\\u0e22\\u0e21\", \"content_type\": 43, \"live\": true, \"has_unpublished_changes\": false, \"url_path\": \"/home/product/\\u0e44\\u0e2a\\u0e01\\u0e23\\u0e2d\\u0e01\\u0e2b\\u0e21\\u0e01\\u0e23\\u0e30\\u0e40\\u0e17\\u0e22\\u0e21/\", \"owner\": 1, \"seo_title\": \"\", \"show_in_menus\": false, \"search_description\": \"\", \"go_live_at\": null, \"expire_at\": null, \"expired\": false, \"locked\": false, \"locked_at\": null, \"locked_by\": null, \"first_published_at\": \"2021-07-31T08:12:55.103Z\", \"last_published_at\": \"2021-07-31T08:12:55.103Z\", \"latest_revision_created_at\": \"2021-07-31T08:12:55.088Z\", \"live_revision\": 8, \"alias_of\": null, \"product_title\": \"\\u0e44\\u0e2a\\u0e49\\u0e01\\u0e23\\u0e2d\\u0e01\\u0e2b\\u0e21\\u0e39\\u0e01\\u0e23\\u0e30\\u0e40\\u0e17\\u0e35\\u0e22\\u0e21\", \"product_description\": \"\\u0e1f\\u0e2b\\u0e01\\u0e14\\u0e1f\\u0e2b\\u0e01\\u0e14\\u0e1f\\u0e2b\\u0e01\\u0e14\\u0e1f\\u0e2b\\u0e01\\u0e14\\u0e1f\", \"product_image\": 5, \"product_category\": 2, \"comments\": []}", "approved_go_live_at": null}}, {"model": "wagtailcore.pagerevision", "pk": 16, "fields": {"page": 6, "submitted_for_moderation": false, "created_at": "2021-08-02T08:39:57.007Z", "user": 1, "content_json": "{\"pk\": 6, \"path\": \"0001000100010002\", \"depth\": 4, \"numchild\": 0, \"translation_key\": \"ce756d50-7f91-4aa2-9fb3-53f756276c20\", \"locale\": 1, \"title\": \"\\u0e44\\u0e2a\\u0e49\\u0e01\\u0e23\\u0e2d\\u0e01\\u0e2b\\u0e21\\u0e39\\u0e1e\\u0e23\\u0e34\\u0e01\\u0e2a\\u0e14\", \"draft_title\": \"\\u0e44\\u0e2a\\u0e49\\u0e01\\u0e23\\u0e2d\\u0e01\\u0e2b\\u0e21\\u0e39\\u0e1e\\u0e23\\u0e34\\u0e01\\u0e2a\\u0e14\", \"slug\": \"\\u0e44\\u0e2a\\u0e01\\u0e23\\u0e2d\\u0e01\\u0e2b\\u0e21\\u0e1e\\u0e23\\u0e01\\u0e2a\\u0e14\", \"content_type\": 43, \"live\": true, \"has_unpublished_changes\": false, \"url_path\": \"/home/product/\\u0e44\\u0e2a\\u0e01\\u0e23\\u0e2d\\u0e01\\u0e2b\\u0e21\\u0e1e\\u0e23\\u0e01\\u0e2a\\u0e14/\", \"owner\": 1, \"seo_title\": \"\", \"show_in_menus\": false, \"search_description\": \"\", \"go_live_at\": null, \"expire_at\": null, \"expired\": false, \"locked\": false, \"locked_at\": null, \"locked_by\": null, \"first_published_at\": \"2021-07-29T17:20:23.322Z\", \"last_published_at\": \"2021-07-29T17:20:23.322Z\", \"latest_revision_created_at\": \"2021-07-29T17:20:23.307Z\", \"live_revision\": 5, \"alias_of\": null, \"product_title\": \"\\u0e44\\u0e2a\\u0e49\\u0e01\\u0e23\\u0e2d\\u0e01\\u0e2b\\u0e21\\u0e39\\u0e1e\\u0e23\\u0e34\\u0e01\\u0e2a\\u0e14\", \"product_description\": \"\\u0e44\\u0e2a\\u0e49\\u0e01\\u0e23\\u0e2d\\u0e01\\u0e2b\\u0e21\\u0e39\\u0e1e\\u0e23\\u0e34\\u0e01\\u0e02\\u0e35\\u0e49\\u0e2b\\u0e19\\u0e39\\u0e2a\\u0e14 (Chilli) 120 \\u0e1a\\u0e32\\u0e17/\\u0e41\\u0e1e\\u0e04 \\u0e1a\\u0e23\\u0e23\\u0e08\\u0e38 2 \\u0e0a\\u0e34\\u0e49\\u0e19 \\u0e19\\u0e49\\u0e33\\u0e2b\\u0e19\\u0e31\\u0e01 200 \\u0e01\\u0e23\\u0e31\\u0e21\", \"product_image\": 4, \"product_category\": 1, \"comments\": []}", "approved_go_live_at": null}}, {"model": "wagtailcore.pagerevision", "pk": 17, "fields": {"page": 10, "submitted_for_moderation": false, "created_at": "2021-08-02T16:02:05.930Z", "user": 1, "content_json": "{\"pk\": 10, \"path\": \"000100010002\", \"depth\": 3, \"numchild\": 0, \"translation_key\": \"567f70b2-9f4d-403e-8668-6d0ac7672bc0\", \"locale\": 1, \"title\": \"Gallery\", \"draft_title\": \"Gallery\", \"slug\": \"gallery\", \"content_type\": 46, \"live\": true, \"has_unpublished_changes\": false, \"url_path\": \"/home/gallery/\", \"owner\": 1, \"seo_title\": \"\", \"show_in_menus\": false, \"search_description\": \"\", \"go_live_at\": null, \"expire_at\": null, \"expired\": false, \"locked\": false, \"locked_at\": null, \"locked_by\": null, \"first_published_at\": null, \"last_published_at\": null, \"latest_revision_created_at\": null, \"live_revision\": null, \"alias_of\": null, \"gallery_text\": \"\\u0e23\\u0e39\\u0e1b\\u0e20\\u0e32\\u0e1e\", \"comments\": [], \"gallery_images\": [{\"pk\": 1, \"sort_order\": 0, \"page\": 10, \"image\": 8, \"caption\": \"\\u0e2d\\u0e2d\\u0e01\\u0e1a\\u0e39\\u0e17\"}, {\"pk\": 2, \"sort_order\": 1, \"page\": 10, \"image\": 9, \"caption\": \"\\u0e2d\\u0e2d\\u0e01\\u0e1a\\u0e39\\u0e17\"}, {\"pk\": 3, \"sort_order\": 2, \"page\": 10, \"image\": 10, \"caption\": \"\\u0e1a\\u0e23\\u0e34\\u0e01\\u0e32\\u0e23\\u0e40\\u0e14\\u0e25\\u0e34\\u0e40\\u0e27\\u0e2d\\u0e23\\u0e35\\u0e48\"}, {\"pk\": 4, \"sort_order\": 3, \"page\": 10, \"image\": 11, \"caption\": \"\"}, {\"pk\": 5, \"sort_order\": 4, \"page\": 10, \"image\": 12, \"caption\": \"\\u0e2b\\u0e19\\u0e49\\u0e32\\u0e23\\u0e49\\u0e32\\u0e19\"}]}", "approved_go_live_at": null}}, {"model": "wagtailcore.pagerevision", "pk": 18, "fields": {"page": 11, "submitted_for_moderation": false, "created_at": "2021-08-03T08:21:53.842Z", "user": 1, "content_json": "{\"pk\": 11, \"path\": \"000100010003\", \"depth\": 3, \"numchild\": 0, \"translation_key\": \"2c6750e1-7a7f-422f-a3a8-24fab0539ff8\", \"locale\": 1, \"title\": \"\\u0e40\\u0e01\\u0e35\\u0e48\\u0e22\\u0e27\\u0e01\\u0e31\\u0e1a\\u0e40\\u0e23\\u0e32\", \"draft_title\": \"\\u0e40\\u0e01\\u0e35\\u0e48\\u0e22\\u0e27\\u0e01\\u0e31\\u0e1a\\u0e40\\u0e23\\u0e32\", \"slug\": \"about\", \"content_type\": 48, \"live\": true, \"has_unpublished_changes\": false, \"url_path\": \"/home/about/\", \"owner\": 1, \"seo_title\": \"\", \"show_in_menus\": false, \"search_description\": \"\", \"go_live_at\": null, \"expire_at\": null, \"expired\": false, \"locked\": false, \"locked_at\": null, \"locked_by\": null, \"first_published_at\": null, \"last_published_at\": null, \"latest_revision_created_at\": null, \"live_revision\": null, \"alias_of\": null, \"hero_title\": \"\\u0e40\\u0e23\\u0e34\\u0e48\\u0e21\\u0e15\\u0e49\\u0e19\\u0e08\\u0e32\\u0e01\\u0e04\\u0e27\\u0e32\\u0e21\\u0e2b\\u0e25\\u0e07\\u0e43\\u0e2b\\u0e25\\u0e2a\\u0e39\\u0e48\\u0e41\\u0e1a\\u0e23\\u0e19\\u0e14\\u0e4c \\u0e44\\u0e2a\\u0e49\\u0e01\\u0e23\\u0e2d\\u0e01\\u0e40\\u0e22\\u0e2d\\u0e23\\u0e21\\u0e31\\u0e19 \\\"\\u0e42\\u0e1f\\u0e25\\u0e4c\\u0e04\\u0e40\\u0e1f\\u0e2a\\u0e15\\u0e4c\\\"\\ud83c\\udde9\\ud83c\\uddea\\ud83c\\udde9\\ud83c\\uddea\", \"hero_text\": \"<p data-block-key=\\\"4puxs\\\">\\u0e40\\u0e01\\u0e34\\u0e14\\u0e08\\u0e32\\u0e01\\u0e01\\u0e32\\u0e23\\u0e23\\u0e27\\u0e21\\u0e15\\u0e31\\u0e27\\u0e02\\u0e2d\\u0e07 1 \\u0e19\\u0e31\\u0e01\\u0e2d\\u0e2d\\u0e01\\u0e41\\u0e1a\\u0e1a \\u0e01\\u0e31\\u0e1a 1 \\u0e0b\\u0e34\\u0e19\\u0e41\\u0e2a \\u0e1c\\u0e39\\u0e49\\u0e0a\\u0e2d\\u0e1a\\u0e01\\u0e32\\u0e23\\u0e01\\u0e34\\u0e19\\u0e44\\u0e2a\\u0e49\\u0e01\\u0e23\\u0e2d\\u0e01\\u0e40\\u0e1b\\u0e47\\u0e19\\u0e0a\\u0e35\\u0e27\\u0e34\\u0e15\\u0e08\\u0e34\\u0e15\\u0e43\\u0e08     </p><p data-block-key=\\\"2lsvp\\\">\\u0e40\\u0e21\\u0e37\\u0e48\\u0e2d 4 \\u0e1b\\u0e35\\u0e01\\u0e48\\u0e2d\\u0e19\\u0e40\\u0e23\\u0e32\\u0e08\\u0e36\\u0e07\\u0e04\\u0e34\\u0e14\\u0e08\\u0e30\\u0e17\\u0e33\\u0e44\\u0e2a\\u0e49\\u0e01\\u0e23\\u0e2d\\u0e01\\u0e41\\u0e1a\\u0e23\\u0e19\\u0e14\\u0e4c\\u0e02\\u0e2d\\u0e07\\u0e15\\u0e31\\u0e27\\u0e40\\u0e2d\\u0e07\\u0e02\\u0e36\\u0e49\\u0e19\\u0e21\\u0e32 \\u0e40\\u0e1b\\u0e47\\u0e19\\u0e44\\u0e2a\\u0e49\\u0e01\\u0e23\\u0e2d\\u0e01\\u0e40\\u0e22\\u0e2d\\u0e23\\u0e21\\u0e31\\u0e19\\u0e41\\u0e1a\\u0e1a Original \\u0e40\\u0e0a\\u0e48\\u0e19 \\u0e1a\\u0e23\\u0e32\\u0e2a\\u0e15\\u0e4c\\u0e40\\u0e27\\u0e34\\u0e23\\u0e4c\\u0e17 \\u0e27\\u0e35\\u0e25 \\u0e41\\u0e25\\u0e30\\u0e41\\u0e1a\\u0e1a\\u0e1f\\u0e34\\u0e27\\u0e0a\\u0e31\\u0e48\\u0e19 \\u0e40\\u0e0a\\u0e48\\u0e19 \\u0e23\\u0e2a\\u0e0a\\u0e34\\u0e25\\u0e25\\u0e35\\u0e48 \\u0e40\\u0e1b\\u0e47\\u0e1b\\u0e40\\u0e1b\\u0e2d\\u0e23\\u0e4c \\u0e02\\u0e32\\u0e22\\u0e1c\\u0e48\\u0e32\\u0e19\\u0e0a\\u0e48\\u0e2d\\u0e07\\u0e17\\u0e32\\u0e07\\u0e2d\\u0e2d\\u0e19\\u0e44\\u0e25\\u0e19\\u0e4c \\u0e2a\\u0e48\\u0e07\\u0e41\\u0e1a\\u0e1a\\u0e41\\u0e0a\\u0e48\\u0e40\\u0e22\\u0e47\\u0e19\\u0e17\\u0e31\\u0e48\\u0e27\\u0e1b\\u0e23\\u0e30\\u0e40\\u0e17\\u0e28 \\u0e41\\u0e25\\u0e30\\u0e2d\\u0e2d\\u0e01\\u0e07\\u0e32\\u0e19\\u0e2d\\u0e35\\u0e40\\u0e27\\u0e19\\u0e17\\u0e4c \\u0e40\\u0e0a\\u0e48\\u0e19 \\u0e04\\u0e2d\\u0e19\\u0e40\\u0e2a\\u0e34\\u0e23\\u0e4c\\u0e15\\u0e15\\u0e48\\u0e32\\u0e07\\u0e46      </p><p data-block-key=\\\"1mqan\\\">\\u0e1c\\u0e25\\u0e08\\u0e32\\u0e01\\u0e01\\u0e32\\u0e23\\u0e17\\u0e35\\u0e48\\u0e15\\u0e49\\u0e2d\\u0e07\\u0e0a\\u0e34\\u0e21\\u0e44\\u0e2a\\u0e49\\u0e01\\u0e23\\u0e2d\\u0e01\\u0e21\\u0e32\\u0e01\\u0e21\\u0e32\\u0e22\\u0e40\\u0e1e\\u0e37\\u0e48\\u0e2d\\u0e1e\\u0e31\\u0e12\\u0e19\\u0e32\\u0e2a\\u0e39\\u0e15\\u0e23\\u0e02\\u0e2d\\u0e07\\u0e42\\u0e1f\\u0e25\\u0e4c\\u0e04\\u0e40\\u0e1f\\u0e2a\\u0e15\\u0e4c\\u0e43\\u0e2b\\u0e49\\u0e25\\u0e07\\u0e15\\u0e31\\u0e27 &quot;\\u0e17\\u0e33\\u0e43\\u0e2b\\u0e49\\u0e19\\u0e49\\u0e33\\u0e2b\\u0e19\\u0e31\\u0e01\\u0e15\\u0e31\\u0e27\\u0e02\\u0e2d\\u0e07\\u0e17\\u0e35\\u0e21\\u0e07\\u0e32\\u0e19\\u0e40\\u0e1e\\u0e34\\u0e48\\u0e21\\u0e02\\u0e36\\u0e49\\u0e19\\u0e40\\u0e1b\\u0e47\\u0e19\\u0e2a\\u0e34\\u0e1a\\u0e42\\u0e25&quot;    \\u0e40\\u0e23\\u0e32\\u0e08\\u0e36\\u0e07\\u0e2b\\u0e31\\u0e19\\u0e21\\u0e32\\u0e2a\\u0e19\\u0e43\\u0e08\\u0e01\\u0e32\\u0e23\\u0e25\\u0e14\\u0e19\\u0e49\\u0e33\\u0e2b\\u0e19\\u0e31\\u0e01\\u0e41\\u0e1a\\u0e1a\\u0e04\\u0e35\\u0e42\\u0e15\\u0e08\\u0e35\\u0e19\\u0e34\\u0e04\\u0e44\\u0e14\\u0e40\\u0e2d\\u0e17 \\u0e41\\u0e25\\u0e30\\u0e40\\u0e23\\u0e34\\u0e48\\u0e21\\u0e1e\\u0e31\\u0e12\\u0e19\\u0e32\\u0e44\\u0e2a\\u0e49\\u0e01\\u0e23\\u0e2d\\u0e01\\u0e2a\\u0e39\\u0e15\\u0e23\\u0e04\\u0e35\\u0e42\\u0e15\\u0e02\\u0e2d\\u0e07\\u0e15\\u0e31\\u0e27\\u0e40\\u0e2d\\u0e07\\u0e08\\u0e19\\u0e2a\\u0e33\\u0e40\\u0e23\\u0e47\\u0e08 \\u0e40\\u0e0a\\u0e48\\u0e19 \\u0e44\\u0e2a\\u0e49\\u0e01\\u0e23\\u0e2d\\u0e01\\u0e0a\\u0e35\\u0e2a\\u0e04\\u0e35\\u0e42\\u0e15 \\u0e40\\u0e19\\u0e37\\u0e49\\u0e2d\\u0e42\\u0e04\\u0e02\\u0e38\\u0e19\\u0e41\\u0e14\\u0e14\\u0e40\\u0e14\\u0e35\\u0e22\\u0e27 \\u0e41\\u0e25\\u0e30\\u0e02\\u0e32\\u0e2b\\u0e21\\u0e39\\u0e40\\u0e22\\u0e2d\\u0e23\\u0e21\\u0e31\\u0e19 \\u0e0b\\u0e36\\u0e48\\u0e07\\u0e40\\u0e2b\\u0e21\\u0e32\\u0e30\\u0e01\\u0e31\\u0e1a\\u0e1c\\u0e39\\u0e49\\u0e17\\u0e35\\u0e48\\u0e15\\u0e49\\u0e2d\\u0e07\\u0e01\\u0e32\\u0e23\\u0e04\\u0e27\\u0e1a\\u0e04\\u0e38\\u0e21\\u0e19\\u0e49\\u0e33\\u0e2b\\u0e19\\u0e31\\u0e01 , \\u0e1c\\u0e39\\u0e49\\u0e1b\\u0e48\\u0e27\\u0e22\\u0e40\\u0e1a\\u0e32\\u0e2b\\u0e27\\u0e32\\u0e19 \\u0e2b\\u0e23\\u0e37\\u0e2d\\u0e04\\u0e19\\u0e23\\u0e31\\u0e01\\u0e2a\\u0e38\\u0e02\\u0e20\\u0e32\\u0e1e   </p><p data-block-key=\\\"1kb14\\\">\\u0e08\\u0e19\\u0e40\\u0e21\\u0e37\\u0e48\\u0e2d\\u0e15\\u0e49\\u0e19\\u0e1b\\u0e35 2563 \\u0e40\\u0e23\\u0e32\\u0e40\\u0e1b\\u0e34\\u0e14\\u0e2b\\u0e19\\u0e49\\u0e32\\u0e23\\u0e49\\u0e32\\u0e19\\u0e40\\u0e25\\u0e47\\u0e01\\u0e46 \\u0e17\\u0e35\\u0e48 \\u0e27\\u0e31\\u0e07\\u0e2b\\u0e34\\u0e19-\\u0e42\\u0e0a\\u0e04\\u0e0a\\u0e31\\u0e22\\u0e2a\\u0e35\\u0e48 \\u0e02\\u0e36\\u0e49\\u0e19\\u0e21\\u0e32 (\\u0e0b\\u0e34\\u0e19\\u0e41\\u0e2a\\u0e40\\u0e25\\u0e37\\u0e2d\\u0e01\\u0e17\\u0e33\\u0e40\\u0e25 \\u0e2a\\u0e16\\u0e32\\u0e1b\\u0e19\\u0e34\\u0e01\\u0e2d\\u0e2d\\u0e01\\u0e41\\u0e1a\\u0e1a) \\u0e40\\u0e23\\u0e32\\u0e08\\u0e36\\u0e07\\u0e21\\u0e35\\u0e1a\\u0e23\\u0e34\\u0e01\\u0e32\\u0e23\\u0e44\\u0e2a\\u0e49\\u0e01\\u0e23\\u0e2d\\u0e01\\u0e22\\u0e48\\u0e32\\u0e07\\u0e1e\\u0e23\\u0e49\\u0e2d\\u0e21\\u0e17\\u0e32\\u0e19 \\u0e40\\u0e1e\\u0e35\\u0e22\\u0e07\\u0e44\\u0e21\\u0e48\\u0e19\\u0e32\\u0e19\\u0e23\\u0e49\\u0e32\\u0e19\\u0e40\\u0e23\\u0e32\\u0e01\\u0e47\\u0e40\\u0e1b\\u0e47\\u0e19\\u0e17\\u0e35\\u0e48\\u0e23\\u0e39\\u0e49\\u0e08\\u0e31\\u0e01\\u0e21\\u0e32\\u0e01\\u0e02\\u0e36\\u0e49\\u0e19 \\u0e22\\u0e2d\\u0e14\\u0e02\\u0e32\\u0e22\\u0e14\\u0e35\\u0e02\\u0e36\\u0e49\\u0e19\\u0e40\\u0e23\\u0e37\\u0e48\\u0e2d\\u0e22\\u0e46 \\u0e41\\u0e21\\u0e49\\u0e08\\u0e30\\u0e40\\u0e1b\\u0e47\\u0e19\\u0e0a\\u0e48\\u0e27\\u0e07\\u0e27\\u0e34\\u0e01\\u0e24\\u0e15\\u0e08\\u0e32\\u0e01\\u0e42\\u0e23\\u0e04\\u0e23\\u0e30\\u0e1a\\u0e32\\u0e14    </p><p data-block-key=\\\"902tf\\\">\\u0e40\\u0e23\\u0e32\\u0e08\\u0e36\\u0e07\\u0e15\\u0e23\\u0e30\\u0e2b\\u0e19\\u0e31\\u0e01\\u0e27\\u0e48\\u0e32\\u0e44\\u0e2a\\u0e49\\u0e01\\u0e23\\u0e2d\\u0e01\\u0e02\\u0e2d\\u0e07\\u0e40\\u0e23\\u0e32\\u0e2a\\u0e32\\u0e21\\u0e32\\u0e23\\u0e16\\u0e2a\\u0e23\\u0e49\\u0e32\\u0e07\\u0e2d\\u0e32\\u0e0a\\u0e35\\u0e1e\\u0e43\\u0e2b\\u0e49\\u0e40\\u0e1e\\u0e37\\u0e48\\u0e2d\\u0e19\\u0e46\\u0e17\\u0e35\\u0e48\\u0e40\\u0e14\\u0e37\\u0e2d\\u0e14\\u0e23\\u0e49\\u0e2d\\u0e19\\u0e08\\u0e32\\u0e01\\u0e27\\u0e34\\u0e01\\u0e24\\u0e15\\u0e34\\u0e42\\u0e04\\u0e27\\u0e34\\u0e14-19 \\u0e44\\u0e14\\u0e49 \\u0e08\\u0e36\\u0e07\\u0e40\\u0e23\\u0e34\\u0e48\\u0e21\\u0e40\\u0e1b\\u0e34\\u0e14\\u0e23\\u0e31\\u0e1a\\u0e15\\u0e31\\u0e27\\u0e41\\u0e17\\u0e19\\u0e08\\u0e33\\u0e2b\\u0e19\\u0e48\\u0e32\\u0e22\\u0e17\\u0e31\\u0e48\\u0e27\\u0e1b\\u0e23\\u0e30\\u0e40\\u0e17\\u0e28</p>\", \"first_image\": 13, \"second_image\": 14, \"third_image\": 15, \"comments\": [], \"reviews\": [{\"pk\": 1, \"sort_order\": 0, \"page\": 11, \"review\": 1}, {\"pk\": 2, \"sort_order\": 1, \"page\": 11, \"review\": 2}, {\"pk\": 3, \"sort_order\": 2, \"page\": 11, \"review\": 3}]}", "approved_go_live_at": null}}, {"model": "wagtailcore.pagerevision", "pk": 19, "fields": {"page": 11, "submitted_for_moderation": false, "created_at": "2021-08-03T08:41:12.068Z", "user": 1, "content_json": "{\"pk\": 11, \"path\": \"000100010003\", \"depth\": 3, \"numchild\": 0, \"translation_key\": \"2c6750e1-7a7f-422f-a3a8-24fab0539ff8\", \"locale\": 1, \"title\": \"About Us\", \"draft_title\": \"\\u0e40\\u0e01\\u0e35\\u0e48\\u0e22\\u0e27\\u0e01\\u0e31\\u0e1a\\u0e40\\u0e23\\u0e32\", \"slug\": \"about\", \"content_type\": 48, \"live\": true, \"has_unpublished_changes\": false, \"url_path\": \"/home/about/\", \"owner\": 1, \"seo_title\": \"\", \"show_in_menus\": false, \"search_description\": \"\", \"go_live_at\": null, \"expire_at\": null, \"expired\": false, \"locked\": false, \"locked_at\": null, \"locked_by\": null, \"first_published_at\": \"2021-08-03T08:21:53.863Z\", \"last_published_at\": \"2021-08-03T08:21:53.863Z\", \"latest_revision_created_at\": \"2021-08-03T08:21:53.842Z\", \"live_revision\": 18, \"alias_of\": null, \"hero_title\": \"\\u0e40\\u0e23\\u0e34\\u0e48\\u0e21\\u0e15\\u0e49\\u0e19\\u0e08\\u0e32\\u0e01\\u0e04\\u0e27\\u0e32\\u0e21\\u0e2b\\u0e25\\u0e07\\u0e43\\u0e2b\\u0e25\\u0e2a\\u0e39\\u0e48\\u0e41\\u0e1a\\u0e23\\u0e19\\u0e14\\u0e4c \\u0e44\\u0e2a\\u0e49\\u0e01\\u0e23\\u0e2d\\u0e01\\u0e40\\u0e22\\u0e2d\\u0e23\\u0e21\\u0e31\\u0e19 \\\"\\u0e42\\u0e1f\\u0e25\\u0e4c\\u0e04\\u0e40\\u0e1f\\u0e2a\\u0e15\\u0e4c\\\"\\ud83c\\udde9\\ud83c\\uddea\\ud83c\\udde9\\ud83c\\uddea\", \"hero_text\": \"<p data-block-key=\\\"4puxs\\\">\\u0e40\\u0e01\\u0e34\\u0e14\\u0e08\\u0e32\\u0e01\\u0e01\\u0e32\\u0e23\\u0e23\\u0e27\\u0e21\\u0e15\\u0e31\\u0e27\\u0e02\\u0e2d\\u0e07 1 \\u0e19\\u0e31\\u0e01\\u0e2d\\u0e2d\\u0e01\\u0e41\\u0e1a\\u0e1a \\u0e01\\u0e31\\u0e1a 1 \\u0e0b\\u0e34\\u0e19\\u0e41\\u0e2a \\u0e1c\\u0e39\\u0e49\\u0e0a\\u0e2d\\u0e1a\\u0e01\\u0e32\\u0e23\\u0e01\\u0e34\\u0e19\\u0e44\\u0e2a\\u0e49\\u0e01\\u0e23\\u0e2d\\u0e01\\u0e40\\u0e1b\\u0e47\\u0e19\\u0e0a\\u0e35\\u0e27\\u0e34\\u0e15\\u0e08\\u0e34\\u0e15\\u0e43\\u0e08</p><p data-block-key=\\\"8o3o1\\\"></p><p data-block-key=\\\"2lsvp\\\">\\u0e40\\u0e21\\u0e37\\u0e48\\u0e2d 4 \\u0e1b\\u0e35\\u0e01\\u0e48\\u0e2d\\u0e19\\u0e40\\u0e23\\u0e32\\u0e08\\u0e36\\u0e07\\u0e04\\u0e34\\u0e14\\u0e08\\u0e30\\u0e17\\u0e33\\u0e44\\u0e2a\\u0e49\\u0e01\\u0e23\\u0e2d\\u0e01\\u0e41\\u0e1a\\u0e23\\u0e19\\u0e14\\u0e4c\\u0e02\\u0e2d\\u0e07\\u0e15\\u0e31\\u0e27\\u0e40\\u0e2d\\u0e07\\u0e02\\u0e36\\u0e49\\u0e19\\u0e21\\u0e32 \\u0e40\\u0e1b\\u0e47\\u0e19\\u0e44\\u0e2a\\u0e49\\u0e01\\u0e23\\u0e2d\\u0e01\\u0e40\\u0e22\\u0e2d\\u0e23\\u0e21\\u0e31\\u0e19\\u0e41\\u0e1a\\u0e1a Original \\u0e40\\u0e0a\\u0e48\\u0e19 \\u0e1a\\u0e23\\u0e32\\u0e2a\\u0e15\\u0e4c\\u0e40\\u0e27\\u0e34\\u0e23\\u0e4c\\u0e17 \\u0e27\\u0e35\\u0e25 \\u0e41\\u0e25\\u0e30\\u0e41\\u0e1a\\u0e1a\\u0e1f\\u0e34\\u0e27\\u0e0a\\u0e31\\u0e48\\u0e19 \\u0e40\\u0e0a\\u0e48\\u0e19 \\u0e23\\u0e2a\\u0e0a\\u0e34\\u0e25\\u0e25\\u0e35\\u0e48 \\u0e40\\u0e1b\\u0e47\\u0e1b\\u0e40\\u0e1b\\u0e2d\\u0e23\\u0e4c \\u0e02\\u0e32\\u0e22\\u0e1c\\u0e48\\u0e32\\u0e19\\u0e0a\\u0e48\\u0e2d\\u0e07\\u0e17\\u0e32\\u0e07\\u0e2d\\u0e2d\\u0e19\\u0e44\\u0e25\\u0e19\\u0e4c \\u0e2a\\u0e48\\u0e07\\u0e41\\u0e1a\\u0e1a\\u0e41\\u0e0a\\u0e48\\u0e40\\u0e22\\u0e47\\u0e19\\u0e17\\u0e31\\u0e48\\u0e27\\u0e1b\\u0e23\\u0e30\\u0e40\\u0e17\\u0e28 \\u0e41\\u0e25\\u0e30\\u0e2d\\u0e2d\\u0e01\\u0e07\\u0e32\\u0e19\\u0e2d\\u0e35\\u0e40\\u0e27\\u0e19\\u0e17\\u0e4c \\u0e40\\u0e0a\\u0e48\\u0e19 \\u0e04\\u0e2d\\u0e19\\u0e40\\u0e2a\\u0e34\\u0e23\\u0e4c\\u0e15\\u0e15\\u0e48\\u0e32\\u0e07\\u0e46</p><p data-block-key=\\\"3kppc\\\"></p><p data-block-key=\\\"1mqan\\\">\\u0e1c\\u0e25\\u0e08\\u0e32\\u0e01\\u0e01\\u0e32\\u0e23\\u0e17\\u0e35\\u0e48\\u0e15\\u0e49\\u0e2d\\u0e07\\u0e0a\\u0e34\\u0e21\\u0e44\\u0e2a\\u0e49\\u0e01\\u0e23\\u0e2d\\u0e01\\u0e21\\u0e32\\u0e01\\u0e21\\u0e32\\u0e22\\u0e40\\u0e1e\\u0e37\\u0e48\\u0e2d\\u0e1e\\u0e31\\u0e12\\u0e19\\u0e32\\u0e2a\\u0e39\\u0e15\\u0e23\\u0e02\\u0e2d\\u0e07\\u0e42\\u0e1f\\u0e25\\u0e4c\\u0e04\\u0e40\\u0e1f\\u0e2a\\u0e15\\u0e4c\\u0e43\\u0e2b\\u0e49\\u0e25\\u0e07\\u0e15\\u0e31\\u0e27 &quot;\\u0e17\\u0e33\\u0e43\\u0e2b\\u0e49\\u0e19\\u0e49\\u0e33\\u0e2b\\u0e19\\u0e31\\u0e01\\u0e15\\u0e31\\u0e27\\u0e02\\u0e2d\\u0e07\\u0e17\\u0e35\\u0e21\\u0e07\\u0e32\\u0e19\\u0e40\\u0e1e\\u0e34\\u0e48\\u0e21\\u0e02\\u0e36\\u0e49\\u0e19\\u0e40\\u0e1b\\u0e47\\u0e19\\u0e2a\\u0e34\\u0e1a\\u0e42\\u0e25&quot; \\u0e40\\u0e23\\u0e32\\u0e08\\u0e36\\u0e07\\u0e2b\\u0e31\\u0e19\\u0e21\\u0e32\\u0e2a\\u0e19\\u0e43\\u0e08\\u0e01\\u0e32\\u0e23\\u0e25\\u0e14\\u0e19\\u0e49\\u0e33\\u0e2b\\u0e19\\u0e31\\u0e01\\u0e41\\u0e1a\\u0e1a\\u0e04\\u0e35\\u0e42\\u0e15\\u0e08\\u0e35\\u0e19\\u0e34\\u0e04\\u0e44\\u0e14\\u0e40\\u0e2d\\u0e17 \\u0e41\\u0e25\\u0e30\\u0e40\\u0e23\\u0e34\\u0e48\\u0e21\\u0e1e\\u0e31\\u0e12\\u0e19\\u0e32\\u0e44\\u0e2a\\u0e49\\u0e01\\u0e23\\u0e2d\\u0e01\\u0e2a\\u0e39\\u0e15\\u0e23\\u0e04\\u0e35\\u0e42\\u0e15\\u0e02\\u0e2d\\u0e07\\u0e15\\u0e31\\u0e27\\u0e40\\u0e2d\\u0e07\\u0e08\\u0e19\\u0e2a\\u0e33\\u0e40\\u0e23\\u0e47\\u0e08 \\u0e40\\u0e0a\\u0e48\\u0e19 \\u0e44\\u0e2a\\u0e49\\u0e01\\u0e23\\u0e2d\\u0e01\\u0e0a\\u0e35\\u0e2a\\u0e04\\u0e35\\u0e42\\u0e15 \\u0e40\\u0e19\\u0e37\\u0e49\\u0e2d\\u0e42\\u0e04\\u0e02\\u0e38\\u0e19\\u0e41\\u0e14\\u0e14\\u0e40\\u0e14\\u0e35\\u0e22\\u0e27 \\u0e41\\u0e25\\u0e30\\u0e02\\u0e32\\u0e2b\\u0e21\\u0e39\\u0e40\\u0e22\\u0e2d\\u0e23\\u0e21\\u0e31\\u0e19 \\u0e0b\\u0e36\\u0e48\\u0e07\\u0e40\\u0e2b\\u0e21\\u0e32\\u0e30\\u0e01\\u0e31\\u0e1a\\u0e1c\\u0e39\\u0e49\\u0e17\\u0e35\\u0e48\\u0e15\\u0e49\\u0e2d\\u0e07\\u0e01\\u0e32\\u0e23\\u0e04\\u0e27\\u0e1a\\u0e04\\u0e38\\u0e21\\u0e19\\u0e49\\u0e33\\u0e2b\\u0e19\\u0e31\\u0e01 , \\u0e1c\\u0e39\\u0e49\\u0e1b\\u0e48\\u0e27\\u0e22\\u0e40\\u0e1a\\u0e32\\u0e2b\\u0e27\\u0e32\\u0e19 \\u0e2b\\u0e23\\u0e37\\u0e2d\\u0e04\\u0e19\\u0e23\\u0e31\\u0e01\\u0e2a\\u0e38\\u0e02\\u0e20\\u0e32\\u0e1e</p><p data-block-key=\\\"7c7ac\\\"></p><p data-block-key=\\\"1kb14\\\">\\u0e08\\u0e19\\u0e40\\u0e21\\u0e37\\u0e48\\u0e2d\\u0e15\\u0e49\\u0e19\\u0e1b\\u0e35 2563 \\u0e40\\u0e23\\u0e32\\u0e40\\u0e1b\\u0e34\\u0e14\\u0e2b\\u0e19\\u0e49\\u0e32\\u0e23\\u0e49\\u0e32\\u0e19\\u0e40\\u0e25\\u0e47\\u0e01\\u0e46 \\u0e17\\u0e35\\u0e48 \\u0e27\\u0e31\\u0e07\\u0e2b\\u0e34\\u0e19-\\u0e42\\u0e0a\\u0e04\\u0e0a\\u0e31\\u0e22\\u0e2a\\u0e35\\u0e48 \\u0e02\\u0e36\\u0e49\\u0e19\\u0e21\\u0e32 (\\u0e0b\\u0e34\\u0e19\\u0e41\\u0e2a\\u0e40\\u0e25\\u0e37\\u0e2d\\u0e01\\u0e17\\u0e33\\u0e40\\u0e25 \\u0e2a\\u0e16\\u0e32\\u0e1b\\u0e19\\u0e34\\u0e01\\u0e2d\\u0e2d\\u0e01\\u0e41\\u0e1a\\u0e1a) \\u0e40\\u0e23\\u0e32\\u0e08\\u0e36\\u0e07\\u0e21\\u0e35\\u0e1a\\u0e23\\u0e34\\u0e01\\u0e32\\u0e23\\u0e44\\u0e2a\\u0e49\\u0e01\\u0e23\\u0e2d\\u0e01\\u0e22\\u0e48\\u0e32\\u0e07\\u0e1e\\u0e23\\u0e49\\u0e2d\\u0e21\\u0e17\\u0e32\\u0e19 \\u0e40\\u0e1e\\u0e35\\u0e22\\u0e07\\u0e44\\u0e21\\u0e48\\u0e19\\u0e32\\u0e19\\u0e23\\u0e49\\u0e32\\u0e19\\u0e40\\u0e23\\u0e32\\u0e01\\u0e47\\u0e40\\u0e1b\\u0e47\\u0e19\\u0e17\\u0e35\\u0e48\\u0e23\\u0e39\\u0e49\\u0e08\\u0e31\\u0e01\\u0e21\\u0e32\\u0e01\\u0e02\\u0e36\\u0e49\\u0e19 \\u0e22\\u0e2d\\u0e14\\u0e02\\u0e32\\u0e22\\u0e14\\u0e35\\u0e02\\u0e36\\u0e49\\u0e19\\u0e40\\u0e23\\u0e37\\u0e48\\u0e2d\\u0e22\\u0e46 \\u0e41\\u0e21\\u0e49\\u0e08\\u0e30\\u0e40\\u0e1b\\u0e47\\u0e19\\u0e0a\\u0e48\\u0e27\\u0e07\\u0e27\\u0e34\\u0e01\\u0e24\\u0e15\\u0e08\\u0e32\\u0e01\\u0e42\\u0e23\\u0e04\\u0e23\\u0e30\\u0e1a\\u0e32\\u0e14</p><p data-block-key=\\\"902tf\\\">\\u0e40\\u0e23\\u0e32\\u0e08\\u0e36\\u0e07\\u0e15\\u0e23\\u0e30\\u0e2b\\u0e19\\u0e31\\u0e01\\u0e27\\u0e48\\u0e32\\u0e44\\u0e2a\\u0e49\\u0e01\\u0e23\\u0e2d\\u0e01\\u0e02\\u0e2d\\u0e07\\u0e40\\u0e23\\u0e32\\u0e2a\\u0e32\\u0e21\\u0e32\\u0e23\\u0e16\\u0e2a\\u0e23\\u0e49\\u0e32\\u0e07\\u0e2d\\u0e32\\u0e0a\\u0e35\\u0e1e\\u0e43\\u0e2b\\u0e49\\u0e40\\u0e1e\\u0e37\\u0e48\\u0e2d\\u0e19\\u0e46\\u0e17\\u0e35\\u0e48\\u0e40\\u0e14\\u0e37\\u0e2d\\u0e14\\u0e23\\u0e49\\u0e2d\\u0e19\\u0e08\\u0e32\\u0e01\\u0e27\\u0e34\\u0e01\\u0e24\\u0e15\\u0e34\\u0e42\\u0e04\\u0e27\\u0e34\\u0e14-19 \\u0e44\\u0e14\\u0e49 \\u0e08\\u0e36\\u0e07\\u0e40\\u0e23\\u0e34\\u0e48\\u0e21\\u0e40\\u0e1b\\u0e34\\u0e14\\u0e23\\u0e31\\u0e1a\\u0e15\\u0e31\\u0e27\\u0e41\\u0e17\\u0e19\\u0e08\\u0e33\\u0e2b\\u0e19\\u0e48\\u0e32\\u0e22\\u0e17\\u0e31\\u0e48\\u0e27\\u0e1b\\u0e23\\u0e30\\u0e40\\u0e17\\u0e28</p>\", \"first_image\": 13, \"second_image\": 14, \"third_image\": 15, \"comments\": [], \"reviews\": [{\"pk\": 1, \"sort_order\": 0, \"page\": 11, \"review\": 1}, {\"pk\": 2, \"sort_order\": 1, \"page\": 11, \"review\": 2}, {\"pk\": 3, \"sort_order\": 2, \"page\": 11, \"review\": 3}]}", "approved_go_live_at": null}}, {"model": "wagtailcore.pagerevision", "pk": 20, "fields": {"page": 11, "submitted_for_moderation": false, "created_at": "2021-08-03T08:43:41.064Z", "user": 1, "content_json": "{\"pk\": 11, \"path\": \"000100010003\", \"depth\": 3, \"numchild\": 0, \"translation_key\": \"2c6750e1-7a7f-422f-a3a8-24fab0539ff8\", \"locale\": 1, \"title\": \"About Us\", \"draft_title\": \"About Us\", \"slug\": \"about\", \"content_type\": 48, \"live\": true, \"has_unpublished_changes\": false, \"url_path\": \"/home/about/\", \"owner\": 1, \"seo_title\": \"\", \"show_in_menus\": false, \"search_description\": \"\", \"go_live_at\": null, \"expire_at\": null, \"expired\": false, \"locked\": false, \"locked_at\": null, \"locked_by\": null, \"first_published_at\": \"2021-08-03T08:21:53.863Z\", \"last_published_at\": \"2021-08-03T08:41:12.097Z\", \"latest_revision_created_at\": \"2021-08-03T08:41:12.068Z\", \"live_revision\": 19, \"alias_of\": null, \"hero_title\": \"\\u0e40\\u0e23\\u0e34\\u0e48\\u0e21\\u0e15\\u0e49\\u0e19\\u0e08\\u0e32\\u0e01\\u0e04\\u0e27\\u0e32\\u0e21\\u0e2b\\u0e25\\u0e07\\u0e43\\u0e2b\\u0e25\\u0e2a\\u0e39\\u0e48\\u0e41\\u0e1a\\u0e23\\u0e19\\u0e14\\u0e4c \\u0e44\\u0e2a\\u0e49\\u0e01\\u0e23\\u0e2d\\u0e01\\u0e40\\u0e22\\u0e2d\\u0e23\\u0e21\\u0e31\\u0e19 \\\"\\u0e42\\u0e1f\\u0e25\\u0e4c\\u0e04\\u0e40\\u0e1f\\u0e2a\\u0e15\\u0e4c\\\"\\ud83c\\udde9\\ud83c\\uddea\\ud83c\\udde9\\ud83c\\uddea\", \"hero_text\": \"<p data-block-key=\\\"4puxs\\\">\\u0e40\\u0e01\\u0e34\\u0e14\\u0e08\\u0e32\\u0e01\\u0e01\\u0e32\\u0e23\\u0e23\\u0e27\\u0e21\\u0e15\\u0e31\\u0e27\\u0e02\\u0e2d\\u0e07 1 \\u0e19\\u0e31\\u0e01\\u0e2d\\u0e2d\\u0e01\\u0e41\\u0e1a\\u0e1a \\u0e01\\u0e31\\u0e1a 1 \\u0e0b\\u0e34\\u0e19\\u0e41\\u0e2a \\u0e1c\\u0e39\\u0e49\\u0e0a\\u0e2d\\u0e1a\\u0e01\\u0e32\\u0e23\\u0e01\\u0e34\\u0e19\\u0e44\\u0e2a\\u0e49\\u0e01\\u0e23\\u0e2d\\u0e01\\u0e40\\u0e1b\\u0e47\\u0e19\\u0e0a\\u0e35\\u0e27\\u0e34\\u0e15\\u0e08\\u0e34\\u0e15\\u0e43\\u0e08</p><p data-block-key=\\\"8o3o1\\\"></p><p data-block-key=\\\"2lsvp\\\">\\u0e40\\u0e21\\u0e37\\u0e48\\u0e2d 4 \\u0e1b\\u0e35\\u0e01\\u0e48\\u0e2d\\u0e19\\u0e40\\u0e23\\u0e32\\u0e08\\u0e36\\u0e07\\u0e04\\u0e34\\u0e14\\u0e08\\u0e30\\u0e17\\u0e33\\u0e44\\u0e2a\\u0e49\\u0e01\\u0e23\\u0e2d\\u0e01\\u0e41\\u0e1a\\u0e23\\u0e19\\u0e14\\u0e4c\\u0e02\\u0e2d\\u0e07\\u0e15\\u0e31\\u0e27\\u0e40\\u0e2d\\u0e07\\u0e02\\u0e36\\u0e49\\u0e19\\u0e21\\u0e32 \\u0e40\\u0e1b\\u0e47\\u0e19\\u0e44\\u0e2a\\u0e49\\u0e01\\u0e23\\u0e2d\\u0e01\\u0e40\\u0e22\\u0e2d\\u0e23\\u0e21\\u0e31\\u0e19\\u0e41\\u0e1a\\u0e1a Original \\u0e40\\u0e0a\\u0e48\\u0e19 \\u0e1a\\u0e23\\u0e32\\u0e2a\\u0e15\\u0e4c\\u0e40\\u0e27\\u0e34\\u0e23\\u0e4c\\u0e17 \\u0e27\\u0e35\\u0e25 \\u0e41\\u0e25\\u0e30\\u0e41\\u0e1a\\u0e1a\\u0e1f\\u0e34\\u0e27\\u0e0a\\u0e31\\u0e48\\u0e19 \\u0e40\\u0e0a\\u0e48\\u0e19 \\u0e23\\u0e2a\\u0e0a\\u0e34\\u0e25\\u0e25\\u0e35\\u0e48 \\u0e40\\u0e1b\\u0e47\\u0e1b\\u0e40\\u0e1b\\u0e2d\\u0e23\\u0e4c \\u0e02\\u0e32\\u0e22\\u0e1c\\u0e48\\u0e32\\u0e19\\u0e0a\\u0e48\\u0e2d\\u0e07\\u0e17\\u0e32\\u0e07\\u0e2d\\u0e2d\\u0e19\\u0e44\\u0e25\\u0e19\\u0e4c \\u0e2a\\u0e48\\u0e07\\u0e41\\u0e1a\\u0e1a\\u0e41\\u0e0a\\u0e48\\u0e40\\u0e22\\u0e47\\u0e19\\u0e17\\u0e31\\u0e48\\u0e27\\u0e1b\\u0e23\\u0e30\\u0e40\\u0e17\\u0e28 \\u0e41\\u0e25\\u0e30\\u0e2d\\u0e2d\\u0e01\\u0e07\\u0e32\\u0e19\\u0e2d\\u0e35\\u0e40\\u0e27\\u0e19\\u0e17\\u0e4c \\u0e40\\u0e0a\\u0e48\\u0e19 \\u0e04\\u0e2d\\u0e19\\u0e40\\u0e2a\\u0e34\\u0e23\\u0e4c\\u0e15\\u0e15\\u0e48\\u0e32\\u0e07\\u0e46</p><p data-block-key=\\\"3kppc\\\"></p><p data-block-key=\\\"1mqan\\\">\\u0e1c\\u0e25\\u0e08\\u0e32\\u0e01\\u0e01\\u0e32\\u0e23\\u0e17\\u0e35\\u0e48\\u0e15\\u0e49\\u0e2d\\u0e07\\u0e0a\\u0e34\\u0e21\\u0e44\\u0e2a\\u0e49\\u0e01\\u0e23\\u0e2d\\u0e01\\u0e21\\u0e32\\u0e01\\u0e21\\u0e32\\u0e22\\u0e40\\u0e1e\\u0e37\\u0e48\\u0e2d\\u0e1e\\u0e31\\u0e12\\u0e19\\u0e32\\u0e2a\\u0e39\\u0e15\\u0e23\\u0e02\\u0e2d\\u0e07\\u0e42\\u0e1f\\u0e25\\u0e4c\\u0e04\\u0e40\\u0e1f\\u0e2a\\u0e15\\u0e4c\\u0e43\\u0e2b\\u0e49\\u0e25\\u0e07\\u0e15\\u0e31\\u0e27 &quot;\\u0e17\\u0e33\\u0e43\\u0e2b\\u0e49\\u0e19\\u0e49\\u0e33\\u0e2b\\u0e19\\u0e31\\u0e01\\u0e15\\u0e31\\u0e27\\u0e02\\u0e2d\\u0e07\\u0e17\\u0e35\\u0e21\\u0e07\\u0e32\\u0e19\\u0e40\\u0e1e\\u0e34\\u0e48\\u0e21\\u0e02\\u0e36\\u0e49\\u0e19\\u0e40\\u0e1b\\u0e47\\u0e19\\u0e2a\\u0e34\\u0e1a\\u0e42\\u0e25&quot; \\u0e40\\u0e23\\u0e32\\u0e08\\u0e36\\u0e07\\u0e2b\\u0e31\\u0e19\\u0e21\\u0e32\\u0e2a\\u0e19\\u0e43\\u0e08\\u0e01\\u0e32\\u0e23\\u0e25\\u0e14\\u0e19\\u0e49\\u0e33\\u0e2b\\u0e19\\u0e31\\u0e01\\u0e41\\u0e1a\\u0e1a\\u0e04\\u0e35\\u0e42\\u0e15\\u0e08\\u0e35\\u0e19\\u0e34\\u0e04\\u0e44\\u0e14\\u0e40\\u0e2d\\u0e17 \\u0e41\\u0e25\\u0e30\\u0e40\\u0e23\\u0e34\\u0e48\\u0e21\\u0e1e\\u0e31\\u0e12\\u0e19\\u0e32\\u0e44\\u0e2a\\u0e49\\u0e01\\u0e23\\u0e2d\\u0e01\\u0e2a\\u0e39\\u0e15\\u0e23\\u0e04\\u0e35\\u0e42\\u0e15\\u0e02\\u0e2d\\u0e07\\u0e15\\u0e31\\u0e27\\u0e40\\u0e2d\\u0e07\\u0e08\\u0e19\\u0e2a\\u0e33\\u0e40\\u0e23\\u0e47\\u0e08 \\u0e40\\u0e0a\\u0e48\\u0e19 \\u0e44\\u0e2a\\u0e49\\u0e01\\u0e23\\u0e2d\\u0e01\\u0e0a\\u0e35\\u0e2a\\u0e04\\u0e35\\u0e42\\u0e15 \\u0e40\\u0e19\\u0e37\\u0e49\\u0e2d\\u0e42\\u0e04\\u0e02\\u0e38\\u0e19\\u0e41\\u0e14\\u0e14\\u0e40\\u0e14\\u0e35\\u0e22\\u0e27 \\u0e41\\u0e25\\u0e30\\u0e02\\u0e32\\u0e2b\\u0e21\\u0e39\\u0e40\\u0e22\\u0e2d\\u0e23\\u0e21\\u0e31\\u0e19 \\u0e0b\\u0e36\\u0e48\\u0e07\\u0e40\\u0e2b\\u0e21\\u0e32\\u0e30\\u0e01\\u0e31\\u0e1a\\u0e1c\\u0e39\\u0e49\\u0e17\\u0e35\\u0e48\\u0e15\\u0e49\\u0e2d\\u0e07\\u0e01\\u0e32\\u0e23\\u0e04\\u0e27\\u0e1a\\u0e04\\u0e38\\u0e21\\u0e19\\u0e49\\u0e33\\u0e2b\\u0e19\\u0e31\\u0e01 , \\u0e1c\\u0e39\\u0e49\\u0e1b\\u0e48\\u0e27\\u0e22\\u0e40\\u0e1a\\u0e32\\u0e2b\\u0e27\\u0e32\\u0e19 \\u0e2b\\u0e23\\u0e37\\u0e2d\\u0e04\\u0e19\\u0e23\\u0e31\\u0e01\\u0e2a\\u0e38\\u0e02\\u0e20\\u0e32\\u0e1e</p><p data-block-key=\\\"7c7ac\\\"></p><p data-block-key=\\\"1kb14\\\">\\u0e08\\u0e19\\u0e40\\u0e21\\u0e37\\u0e48\\u0e2d\\u0e15\\u0e49\\u0e19\\u0e1b\\u0e35 2563 \\u0e40\\u0e23\\u0e32\\u0e40\\u0e1b\\u0e34\\u0e14\\u0e2b\\u0e19\\u0e49\\u0e32\\u0e23\\u0e49\\u0e32\\u0e19\\u0e40\\u0e25\\u0e47\\u0e01\\u0e46 \\u0e17\\u0e35\\u0e48 \\u0e27\\u0e31\\u0e07\\u0e2b\\u0e34\\u0e19-\\u0e42\\u0e0a\\u0e04\\u0e0a\\u0e31\\u0e22\\u0e2a\\u0e35\\u0e48 \\u0e02\\u0e36\\u0e49\\u0e19\\u0e21\\u0e32 (\\u0e0b\\u0e34\\u0e19\\u0e41\\u0e2a\\u0e40\\u0e25\\u0e37\\u0e2d\\u0e01\\u0e17\\u0e33\\u0e40\\u0e25 \\u0e2a\\u0e16\\u0e32\\u0e1b\\u0e19\\u0e34\\u0e01\\u0e2d\\u0e2d\\u0e01\\u0e41\\u0e1a\\u0e1a) \\u0e40\\u0e23\\u0e32\\u0e08\\u0e36\\u0e07\\u0e21\\u0e35\\u0e1a\\u0e23\\u0e34\\u0e01\\u0e32\\u0e23\\u0e44\\u0e2a\\u0e49\\u0e01\\u0e23\\u0e2d\\u0e01\\u0e22\\u0e48\\u0e32\\u0e07\\u0e1e\\u0e23\\u0e49\\u0e2d\\u0e21\\u0e17\\u0e32\\u0e19 \\u0e40\\u0e1e\\u0e35\\u0e22\\u0e07\\u0e44\\u0e21\\u0e48\\u0e19\\u0e32\\u0e19\\u0e23\\u0e49\\u0e32\\u0e19\\u0e40\\u0e23\\u0e32\\u0e01\\u0e47\\u0e40\\u0e1b\\u0e47\\u0e19\\u0e17\\u0e35\\u0e48\\u0e23\\u0e39\\u0e49\\u0e08\\u0e31\\u0e01\\u0e21\\u0e32\\u0e01\\u0e02\\u0e36\\u0e49\\u0e19 \\u0e22\\u0e2d\\u0e14\\u0e02\\u0e32\\u0e22\\u0e14\\u0e35\\u0e02\\u0e36\\u0e49\\u0e19\\u0e40\\u0e23\\u0e37\\u0e48\\u0e2d\\u0e22\\u0e46 \\u0e41\\u0e21\\u0e49\\u0e08\\u0e30\\u0e40\\u0e1b\\u0e47\\u0e19\\u0e0a\\u0e48\\u0e27\\u0e07\\u0e27\\u0e34\\u0e01\\u0e24\\u0e15\\u0e08\\u0e32\\u0e01\\u0e42\\u0e23\\u0e04\\u0e23\\u0e30\\u0e1a\\u0e32\\u0e14</p><p data-block-key=\\\"902tf\\\">\\u0e40\\u0e23\\u0e32\\u0e08\\u0e36\\u0e07\\u0e15\\u0e23\\u0e30\\u0e2b\\u0e19\\u0e31\\u0e01\\u0e27\\u0e48\\u0e32\\u0e44\\u0e2a\\u0e49\\u0e01\\u0e23\\u0e2d\\u0e01\\u0e02\\u0e2d\\u0e07\\u0e40\\u0e23\\u0e32\\u0e2a\\u0e32\\u0e21\\u0e32\\u0e23\\u0e16\\u0e2a\\u0e23\\u0e49\\u0e32\\u0e07\\u0e2d\\u0e32\\u0e0a\\u0e35\\u0e1e\\u0e43\\u0e2b\\u0e49\\u0e40\\u0e1e\\u0e37\\u0e48\\u0e2d\\u0e19\\u0e46\\u0e17\\u0e35\\u0e48\\u0e40\\u0e14\\u0e37\\u0e2d\\u0e14\\u0e23\\u0e49\\u0e2d\\u0e19\\u0e08\\u0e32\\u0e01\\u0e27\\u0e34\\u0e01\\u0e24\\u0e15\\u0e34\\u0e42\\u0e04\\u0e27\\u0e34\\u0e14-19 \\u0e44\\u0e14\\u0e49 \\u0e08\\u0e36\\u0e07\\u0e40\\u0e23\\u0e34\\u0e48\\u0e21\\u0e40\\u0e1b\\u0e34\\u0e14\\u0e23\\u0e31\\u0e1a\\u0e15\\u0e31\\u0e27\\u0e41\\u0e17\\u0e19\\u0e08\\u0e33\\u0e2b\\u0e19\\u0e48\\u0e32\\u0e22\\u0e17\\u0e31\\u0e48\\u0e27\\u0e1b\\u0e23\\u0e30\\u0e40\\u0e17\\u0e28</p>\", \"hero_image\": 11, \"first_image\": 13, \"second_image\": 14, \"third_image\": 15, \"comments\": [], \"reviews\": [{\"pk\": 1, \"sort_order\": 0, \"page\": 11, \"review\": 1}, {\"pk\": 2, \"sort_order\": 1, \"page\": 11, \"review\": 2}, {\"pk\": 3, \"sort_order\": 2, \"page\": 11, \"review\": 3}]}", "approved_go_live_at": null}}, {"model": "wagtailcore.pagerevision", "pk": 21, "fields": {"page": 12, "submitted_for_moderation": false, "created_at": "2021-08-03T18:51:29.210Z", "user": 1, "content_json": "{\"pk\": 12, \"path\": \"0001000100010006\", \"depth\": 4, \"numchild\": 0, \"translation_key\": \"cc06eb65-8590-489b-b7f9-c387a5944c36\", \"locale\": 1, \"title\": \"\\u0e44\\u0e2a\\u0e49\\u0e01\\u0e23\\u0e2d\\u0e01\\u0e2d\\u0e35\\u0e2a\\u0e32\\u0e19\\u0e04\\u0e35\\u0e42\\u0e15\", \"draft_title\": \"\\u0e44\\u0e2a\\u0e49\\u0e01\\u0e23\\u0e2d\\u0e01\\u0e2d\\u0e35\\u0e2a\\u0e32\\u0e19\\u0e04\\u0e35\\u0e42\\u0e15\", \"slug\": \"\\u0e44\\u0e2a\\u0e01\\u0e23\\u0e2d\\u0e01\\u0e2d\\u0e2a\\u0e32\\u0e19\\u0e04\\u0e42\\u0e15\", \"content_type\": 43, \"live\": true, \"has_unpublished_changes\": false, \"url_path\": \"/home/product/\\u0e44\\u0e2a\\u0e01\\u0e23\\u0e2d\\u0e01\\u0e2d\\u0e2a\\u0e32\\u0e19\\u0e04\\u0e42\\u0e15/\", \"owner\": 1, \"seo_title\": \"\", \"show_in_menus\": false, \"search_description\": \"\", \"go_live_at\": null, \"expire_at\": null, \"expired\": false, \"locked\": false, \"locked_at\": null, \"locked_by\": null, \"first_published_at\": null, \"last_published_at\": null, \"latest_revision_created_at\": null, \"live_revision\": null, \"alias_of\": null, \"product_title\": \"\\u0e44\\u0e2a\\u0e49\\u0e01\\u0e23\\u0e2d\\u0e01\\u0e2d\\u0e35\\u0e2a\\u0e32\\u0e19\\u0e04\\u0e35\\u0e42\\u0e15\", \"product_description\": \"\\u0e44\\u0e2a\\u0e49\\u0e01\\u0e23\\u0e2d\\u0e01\\u0e2d\\u0e35\\u0e2a\\u0e32\\u0e19 \\u0e2a\\u0e39\\u0e15\\u0e23\\u0e04\\u0e35\\u0e42\\u0e15 140 \\u0e1a\\u0e32\\u0e17/\\u0e41\\u0e1e\\u0e04 \\u0e1a\\u0e23\\u0e23\\u0e08\\u0e38 10 \\u0e0a\\u0e34\\u0e49\\u0e19 \\u0e19\\u0e49\\u0e33\\u0e2b\\u0e19\\u0e31\\u0e01 200 \\u0e01\\u0e23\\u0e31\\u0e21\", \"product_image\": 16, \"product_category\": 2, \"comments\": [], \"more_product_image\": [{\"pk\": 1, \"sort_order\": 0, \"page\": 12, \"image\": 17}]}", "approved_go_live_at": null}}, {"model": "wagtailcore.pagerevision", "pk": 22, "fields": {"page": 5, "submitted_for_moderation": false, "created_at": "2021-08-04T17:41:33.313Z", "user": 1, "content_json": "{\"pk\": 5, \"path\": \"0001000100010001\", \"depth\": 4, \"numchild\": 0, \"translation_key\": \"8a77dacf-be85-421e-9eac-2524572344ab\", \"locale\": 1, \"title\": \"\\u0e44\\u0e2a\\u0e49\\u0e01\\u0e23\\u0e2d\\u0e01\\u0e2b\\u0e21\\u0e39\\u0e23\\u0e21\\u0e04\\u0e27\\u0e31\\u0e19\", \"draft_title\": \"\\u0e44\\u0e2a\\u0e49\\u0e01\\u0e23\\u0e2d\\u0e01\\u0e2b\\u0e21\\u0e39\\u0e23\\u0e21\\u0e04\\u0e27\\u0e31\\u0e19\", \"slug\": \"\\u0e44\\u0e2a\\u0e01\\u0e23\\u0e2d\\u0e01\\u0e2b\\u0e21\\u0e23\\u0e21\\u0e04\\u0e27\\u0e19\", \"content_type\": 43, \"live\": true, \"has_unpublished_changes\": false, \"url_path\": \"/home/product/\\u0e44\\u0e2a\\u0e01\\u0e23\\u0e2d\\u0e01\\u0e2b\\u0e21\\u0e23\\u0e21\\u0e04\\u0e27\\u0e19/\", \"owner\": 1, \"seo_title\": \"\", \"show_in_menus\": false, \"search_description\": \"\", \"go_live_at\": null, \"expire_at\": null, \"expired\": false, \"locked\": false, \"locked_at\": null, \"locked_by\": null, \"first_published_at\": \"2021-07-29T17:04:32.823Z\", \"last_published_at\": \"2021-08-02T08:39:01.856Z\", \"latest_revision_created_at\": \"2021-08-02T08:39:01.834Z\", \"live_revision\": 12, \"alias_of\": null, \"product_title\": \"\\u0e44\\u0e2a\\u0e49\\u0e01\\u0e23\\u0e2d\\u0e01\\u0e2b\\u0e21\\u0e39\\u0e23\\u0e21\\u0e04\\u0e27\\u0e31\\u0e19\", \"product_description\": \"\\u0e44\\u0e2a\\u0e49\\u0e01\\u0e23\\u0e2d\\u0e01\\u0e2b\\u0e21\\u0e39\\u0e23\\u0e21\\u0e04\\u0e27\\u0e31\\u0e19 (Frankfurter) 120 \\u0e1a\\u0e32\\u0e17/\\u0e41\\u0e1e\\u0e04 \\u0e1a\\u0e23\\u0e23\\u0e08\\u0e38 2 \\u0e0a\\u0e34\\u0e49\\u0e19 \\u0e19\\u0e49\\u0e33\\u0e2b\\u0e19\\u0e31\\u0e01 200 \\u0e01\\u0e23\\u0e31\\u0e21\", \"product_price\": \"140 \\u0e1a\\u0e32\\u0e17\", \"product_image\": 3, \"product_category\": 1, \"comments\": [], \"more_product_image\": []}", "approved_go_live_at": null}}, {"model": "wagtailcore.pagerevision", "pk": 23, "fields": {"page": 6, "submitted_for_moderation": false, "created_at": "2021-08-04T17:55:11.690Z", "user": 1, "content_json": "{\"pk\": 6, \"path\": \"0001000100010002\", \"depth\": 4, \"numchild\": 0, \"translation_key\": \"ce756d50-7f91-4aa2-9fb3-53f756276c20\", \"locale\": 1, \"title\": \"\\u0e44\\u0e2a\\u0e49\\u0e01\\u0e23\\u0e2d\\u0e01\\u0e2b\\u0e21\\u0e39\\u0e1e\\u0e23\\u0e34\\u0e01\\u0e2a\\u0e14\", \"draft_title\": \"\\u0e44\\u0e2a\\u0e49\\u0e01\\u0e23\\u0e2d\\u0e01\\u0e2b\\u0e21\\u0e39\\u0e1e\\u0e23\\u0e34\\u0e01\\u0e2a\\u0e14\", \"slug\": \"\\u0e44\\u0e2a\\u0e01\\u0e23\\u0e2d\\u0e01\\u0e2b\\u0e21\\u0e1e\\u0e23\\u0e01\\u0e2a\\u0e14\", \"content_type\": 43, \"live\": true, \"has_unpublished_changes\": false, \"url_path\": \"/home/product/\\u0e44\\u0e2a\\u0e01\\u0e23\\u0e2d\\u0e01\\u0e2b\\u0e21\\u0e1e\\u0e23\\u0e01\\u0e2a\\u0e14/\", \"owner\": 1, \"seo_title\": \"\", \"show_in_menus\": false, \"search_description\": \"\", \"go_live_at\": null, \"expire_at\": null, \"expired\": false, \"locked\": false, \"locked_at\": null, \"locked_by\": null, \"first_published_at\": \"2021-07-29T17:20:23.322Z\", \"last_published_at\": \"2021-08-02T08:39:57.028Z\", \"latest_revision_created_at\": \"2021-08-02T08:39:57.007Z\", \"live_revision\": 16, \"alias_of\": null, \"product_title\": \"\\u0e44\\u0e2a\\u0e49\\u0e01\\u0e23\\u0e2d\\u0e01\\u0e2b\\u0e21\\u0e39\\u0e1e\\u0e23\\u0e34\\u0e01\\u0e2a\\u0e14\", \"product_description\": \"\\u0e44\\u0e2a\\u0e49\\u0e01\\u0e23\\u0e2d\\u0e01\\u0e2b\\u0e21\\u0e39\\u0e1e\\u0e23\\u0e34\\u0e01\\u0e02\\u0e35\\u0e49\\u0e2b\\u0e19\\u0e39\\u0e2a\\u0e14 (Chilli) 120 \\u0e1a\\u0e32\\u0e17/\\u0e41\\u0e1e\\u0e04 \\u0e1a\\u0e23\\u0e23\\u0e08\\u0e38 2 \\u0e0a\\u0e34\\u0e49\\u0e19 \\u0e19\\u0e49\\u0e33\\u0e2b\\u0e19\\u0e31\\u0e01 200 \\u0e01\\u0e23\\u0e31\\u0e21\", \"product_price\": \"140 \\u0e1a\\u0e32\\u0e17\", \"product_image\": 4, \"product_category\": 1, \"comments\": [], \"more_product_image\": [{\"pk\": null, \"sort_order\": 0, \"page\": 6, \"image\": 17}, {\"pk\": null, \"sort_order\": 1, \"page\": 6, \"image\": 14}]}", "approved_go_live_at": null}}, {"model": "wagtailcore.pagerevision", "pk": 24, "fields": {"page": 6, "submitted_for_moderation": false, "created_at": "2021-08-04T17:55:15.300Z", "user": 1, "content_json": "{\"pk\": 6, \"path\": \"0001000100010002\", \"depth\": 4, \"numchild\": 0, \"translation_key\": \"ce756d50-7f91-4aa2-9fb3-53f756276c20\", \"locale\": 1, \"title\": \"\\u0e44\\u0e2a\\u0e49\\u0e01\\u0e23\\u0e2d\\u0e01\\u0e2b\\u0e21\\u0e39\\u0e1e\\u0e23\\u0e34\\u0e01\\u0e2a\\u0e14\", \"draft_title\": \"\\u0e44\\u0e2a\\u0e49\\u0e01\\u0e23\\u0e2d\\u0e01\\u0e2b\\u0e21\\u0e39\\u0e1e\\u0e23\\u0e34\\u0e01\\u0e2a\\u0e14\", \"slug\": \"\\u0e44\\u0e2a\\u0e01\\u0e23\\u0e2d\\u0e01\\u0e2b\\u0e21\\u0e1e\\u0e23\\u0e01\\u0e2a\\u0e14\", \"content_type\": 43, \"live\": true, \"has_unpublished_changes\": true, \"url_path\": \"/home/product/\\u0e44\\u0e2a\\u0e01\\u0e23\\u0e2d\\u0e01\\u0e2b\\u0e21\\u0e1e\\u0e23\\u0e01\\u0e2a\\u0e14/\", \"owner\": 1, \"seo_title\": \"\", \"show_in_menus\": false, \"search_description\": \"\", \"go_live_at\": null, \"expire_at\": null, \"expired\": false, \"locked\": false, \"locked_at\": null, \"locked_by\": null, \"first_published_at\": \"2021-07-29T17:20:23.322Z\", \"last_published_at\": \"2021-08-02T08:39:57.028Z\", \"latest_revision_created_at\": \"2021-08-04T17:55:11.690Z\", \"live_revision\": 16, \"alias_of\": null, \"product_title\": \"\\u0e44\\u0e2a\\u0e49\\u0e01\\u0e23\\u0e2d\\u0e01\\u0e2b\\u0e21\\u0e39\\u0e1e\\u0e23\\u0e34\\u0e01\\u0e2a\\u0e14\", \"product_description\": \"\\u0e44\\u0e2a\\u0e49\\u0e01\\u0e23\\u0e2d\\u0e01\\u0e2b\\u0e21\\u0e39\\u0e1e\\u0e23\\u0e34\\u0e01\\u0e02\\u0e35\\u0e49\\u0e2b\\u0e19\\u0e39\\u0e2a\\u0e14 (Chilli) 120 \\u0e1a\\u0e32\\u0e17/\\u0e41\\u0e1e\\u0e04 \\u0e1a\\u0e23\\u0e23\\u0e08\\u0e38 2 \\u0e0a\\u0e34\\u0e49\\u0e19 \\u0e19\\u0e49\\u0e33\\u0e2b\\u0e19\\u0e31\\u0e01 200 \\u0e01\\u0e23\\u0e31\\u0e21\", \"product_price\": \"140 \\u0e1a\\u0e32\\u0e17\", \"product_image\": 4, \"product_category\": 1, \"comments\": [], \"more_product_image\": [{\"pk\": null, \"sort_order\": 0, \"page\": 6, \"image\": 17}, {\"pk\": null, \"sort_order\": 1, \"page\": 6, \"image\": 14}]}", "approved_go_live_at": null}}, {"model": "wagtailcore.grouppagepermission", "pk": 1, "fields": {"group": 1, "page": 1, "permission_type": "add"}}, {"model": "wagtailcore.grouppagepermission", "pk": 2, "fields": {"group": 1, "page": 1, "permission_type": "edit"}}, {"model": "wagtailcore.grouppagepermission", "pk": 3, "fields": {"group": 1, "page": 1, "permission_type": "publish"}}, {"model": "wagtailcore.grouppagepermission", "pk": 4, "fields": {"group": 2, "page": 1, "permission_type": "add"}}, {"model": "wagtailcore.grouppagepermission", "pk": 5, "fields": {"group": 2, "page": 1, "permission_type": "edit"}}, {"model": "wagtailcore.grouppagepermission", "pk": 6, "fields": {"group": 1, "page": 1, "permission_type": "lock"}}, {"model": "wagtailcore.grouppagepermission", "pk": 7, "fields": {"group": 1, "page": 1, "permission_type": "unlock"}}, {"model": "wagtailcore.collection", "pk": 1, "fields": {"path": "0001", "depth": 1, "numchild": 0, "name": "Root"}}, {"model": "wagtailcore.groupcollectionpermission", "pk": 1, "fields": {"group": 2, "collection": 1, "permission": 2}}, {"model": "wagtailcore.groupcollectionpermission", "pk": 2, "fields": {"group": 1, "collection": 1, "permission": 2}}, {"model": "wagtailcore.groupcollectionpermission", "pk": 3, "fields": {"group": 2, "collection": 1, "permission": 3}}, {"model": "wagtailcore.groupcollectionpermission", "pk": 4, "fields": {"group": 1, "collection": 1, "permission": 3}}, {"model": "wagtailcore.groupcollectionpermission", "pk": 5, "fields": {"group": 2, "collection": 1, "permission": 5}}, {"model": "wagtailcore.groupcollectionpermission", "pk": 6, "fields": {"group": 1, "collection": 1, "permission": 5}}, {"model": "wagtailcore.groupcollectionpermission", "pk": 7, "fields": {"group": 2, "collection": 1, "permission": 6}}, {"model": "wagtailcore.groupcollectionpermission", "pk": 8, "fields": {"group": 1, "collection": 1, "permission": 6}}, {"model": "wagtailcore.groupcollectionpermission", "pk": 9, "fields": {"group": 2, "collection": 1, "permission": 7}}, {"model": "wagtailcore.groupcollectionpermission", "pk": 10, "fields": {"group": 1, "collection": 1, "permission": 7}}, {"model": "wagtailcore.groupcollectionpermission", "pk": 11, "fields": {"group": 2, "collection": 1, "permission": 9}}, {"model": "wagtailcore.groupcollectionpermission", "pk": 12, "fields": {"group": 1, "collection": 1, "permission": 9}}, {"model": "wagtailcore.workflowpage", "pk": 1, "fields": {"workflow": 1}}, {"model": "wagtailcore.workflowtask", "pk": 1, "fields": {"sort_order": 0, "workflow": 1, "task": 1}}, {"model": "wagtailcore.task", "pk": 1, "fields": {"name": "Moderators approval", "content_type": 4, "active": true}}, {"model": "wagtailcore.workflow", "pk": 1, "fields": {"name": "Moderators approval", "active": true}}, {"model": "wagtailcore.groupapprovaltask", "pk": 1, "fields": {"groups": [1]}}, {"model": "wagtailcore.pagelogentry", "pk": 1, "fields": {"content_type": 2, "label": "Home", "action": "wagtail.edit", "data_json": "\"\"", "timestamp": "2021-07-28T08:02:13.721Z", "user": 1, "content_changed": true, "deleted": false, "page": 3, "revision": 1}}, {"model": "wagtailcore.pagelogentry", "pk": 2, "fields": {"content_type": 2, "label": "Home", "action": "wagtail.publish", "data_json": "null", "timestamp": "2021-07-28T08:02:13.754Z", "user": 1, "content_changed": true, "deleted": false, "page": 3, "revision": 1}}, {"model": "wagtailcore.pagelogentry", "pk": 3, "fields": {"content_type": 42, "label": "Products", "action": "wagtail.create", "data_json": "\"\"", "timestamp": "2021-07-29T16:45:25.403Z", "user": 1, "content_changed": true, "deleted": false, "page": 4, "revision": null}}, {"model": "wagtailcore.pagelogentry", "pk": 4, "fields": {"content_type": 42, "label": "Products", "action": "wagtail.publish", "data_json": "null", "timestamp": "2021-07-29T16:45:25.449Z", "user": 1, "content_changed": true, "deleted": false, "page": 4, "revision": 2}}, {"model": "wagtailcore.pagelogentry", "pk": 5, "fields": {"content_type": 42, "label": "Products", "action": "wagtail.edit", "data_json": "\"\"", "timestamp": "2021-07-29T16:46:00.432Z", "user": 1, "content_changed": true, "deleted": false, "page": 4, "revision": 3}}, {"model": "wagtailcore.pagelogentry", "pk": 6, "fields": {"content_type": 42, "label": "Products", "action": "wagtail.publish", "data_json": "null", "timestamp": "2021-07-29T16:46:00.468Z", "user": 1, "content_changed": true, "deleted": false, "page": 4, "revision": 3}}, {"model": "wagtailcore.pagelogentry", "pk": 7, "fields": {"content_type": 43, "label": "ไส้กรอกหมูรมควัน", "action": "wagtail.create", "data_json": "\"\"", "timestamp": "2021-07-29T17:04:32.793Z", "user": 1, "content_changed": true, "deleted": false, "page": 5, "revision": null}}, {"model": "wagtailcore.pagelogentry", "pk": 8, "fields": {"content_type": 43, "label": "ไส้กรอกหมูรมควัน", "action": "wagtail.publish", "data_json": "null", "timestamp": "2021-07-29T17:04:32.844Z", "user": 1, "content_changed": true, "deleted": false, "page": 5, "revision": 4}}, {"model": "wagtailcore.pagelogentry", "pk": 9, "fields": {"content_type": 43, "label": "ไส้กรอกหมูพริกสด", "action": "wagtail.create", "data_json": "\"\"", "timestamp": "2021-07-29T17:20:23.297Z", "user": 1, "content_changed": true, "deleted": false, "page": 6, "revision": null}}, {"model": "wagtailcore.pagelogentry", "pk": 10, "fields": {"content_type": 43, "label": "ไส้กรอกหมูพริกสด", "action": "wagtail.publish", "data_json": "null", "timestamp": "2021-07-29T17:20:23.342Z", "user": 1, "content_changed": true, "deleted": false, "page": 6, "revision": 5}}, {"model": "wagtailcore.pagelogentry", "pk": 11, "fields": {"content_type": 2, "label": "Home", "action": "wagtail.edit", "data_json": "\"\"", "timestamp": "2021-07-29T19:08:24.090Z", "user": 1, "content_changed": true, "deleted": false, "page": 3, "revision": 6}}, {"model": "wagtailcore.pagelogentry", "pk": 12, "fields": {"content_type": 2, "label": "Home", "action": "wagtail.publish", "data_json": "null", "timestamp": "2021-07-29T19:08:24.130Z", "user": 1, "content_changed": true, "deleted": false, "page": 3, "revision": 6}}, {"model": "wagtailcore.pagelogentry", "pk": 13, "fields": {"content_type": 2, "label": "Home", "action": "wagtail.edit", "data_json": "\"\"", "timestamp": "2021-07-30T15:41:02.805Z", "user": 1, "content_changed": true, "deleted": false, "page": 3, "revision": 7}}, {"model": "wagtailcore.pagelogentry", "pk": 14, "fields": {"content_type": 2, "label": "Home", "action": "wagtail.publish", "data_json": "null", "timestamp": "2021-07-30T15:41:02.841Z", "user": 1, "content_changed": true, "deleted": false, "page": 3, "revision": 7}}, {"model": "wagtailcore.pagelogentry", "pk": 15, "fields": {"content_type": 43, "label": "ไส้กรอกหมูกระเทียม", "action": "wagtail.create", "data_json": "\"\"", "timestamp": "2021-07-31T08:12:55.077Z", "user": 1, "content_changed": true, "deleted": false, "page": 7, "revision": null}}, {"model": "wagtailcore.pagelogentry", "pk": 16, "fields": {"content_type": 43, "label": "ไส้กรอกหมูกระเทียม", "action": "wagtail.publish", "data_json": "null", "timestamp": "2021-07-31T08:12:55.123Z", "user": 1, "content_changed": true, "deleted": false, "page": 7, "revision": 8}}, {"model": "wagtailcore.pagelogentry", "pk": 17, "fields": {"content_type": 43, "label": "ไส้กรอกหมูพริกไทยสด", "action": "wagtail.create", "data_json": "\"\"", "timestamp": "2021-07-31T08:13:52.186Z", "user": 1, "content_changed": true, "deleted": false, "page": 8, "revision": null}}, {"model": "wagtailcore.pagelogentry", "pk": 18, "fields": {"content_type": 43, "label": "ไส้กรอกหมูพริกไทยสด", "action": "wagtail.publish", "data_json": "null", "timestamp": "2021-07-31T08:13:52.233Z", "user": 1, "content_changed": true, "deleted": false, "page": 8, "revision": 9}}, {"model": "wagtailcore.pagelogentry", "pk": 19, "fields": {"content_type": 43, "label": "ไส้กรอกเนื้อลูกวัว", "action": "wagtail.create", "data_json": "\"\"", "timestamp": "2021-08-02T06:57:03.112Z", "user": 1, "content_changed": true, "deleted": false, "page": 9, "revision": null}}, {"model": "wagtailcore.pagelogentry", "pk": 20, "fields": {"content_type": 43, "label": "ไส้กรอกเนื้อลูกวัว", "action": "wagtail.publish", "data_json": "null", "timestamp": "2021-08-02T06:57:03.163Z", "user": 1, "content_changed": true, "deleted": false, "page": 9, "revision": 10}}, {"model": "wagtailcore.pagelogentry", "pk": 21, "fields": {"content_type": 2, "label": "Home", "action": "wagtail.edit", "data_json": "\"\"", "timestamp": "2021-08-02T06:59:12.102Z", "user": 1, "content_changed": true, "deleted": false, "page": 3, "revision": 11}}, {"model": "wagtailcore.pagelogentry", "pk": 22, "fields": {"content_type": 2, "label": "Home", "action": "wagtail.publish", "data_json": "null", "timestamp": "2021-08-02T06:59:12.164Z", "user": 1, "content_changed": true, "deleted": false, "page": 3, "revision": 11}}, {"model": "wagtailcore.pagelogentry", "pk": 23, "fields": {"content_type": 43, "label": "ไส้กรอกหมูรมควัน", "action": "wagtail.edit", "data_json": "\"\"", "timestamp": "2021-08-02T08:39:01.843Z", "user": 1, "content_changed": true, "deleted": false, "page": 5, "revision": 12}}, {"model": "wagtailcore.pagelogentry", "pk": 24, "fields": {"content_type": 43, "label": "ไส้กรอกหมูรมควัน", "action": "wagtail.publish", "data_json": "null", "timestamp": "2021-08-02T08:39:01.881Z", "user": 1, "content_changed": true, "deleted": false, "page": 5, "revision": 12}}, {"model": "wagtailcore.pagelogentry", "pk": 25, "fields": {"content_type": 43, "label": "ไส้กรอกเนื้อลูกวัว", "action": "wagtail.edit", "data_json": "\"\"", "timestamp": "2021-08-02T08:39:15.569Z", "user": 1, "content_changed": true, "deleted": false, "page": 9, "revision": 13}}, {"model": "wagtailcore.pagelogentry", "pk": 26, "fields": {"content_type": 43, "label": "ไส้กรอกเนื้อลูกวัว", "action": "wagtail.publish", "data_json": "null", "timestamp": "2021-08-02T08:39:15.610Z", "user": 1, "content_changed": true, "deleted": false, "page": 9, "revision": 13}}, {"model": "wagtailcore.pagelogentry", "pk": 27, "fields": {"content_type": 43, "label": "ไส้กรอกหมูพริกไทยสด", "action": "wagtail.edit", "data_json": "\"\"", "timestamp": "2021-08-02T08:39:30.294Z", "user": 1, "content_changed": true, "deleted": false, "page": 8, "revision": 14}}, {"model": "wagtailcore.pagelogentry", "pk": 28, "fields": {"content_type": 43, "label": "ไส้กรอกหมูพริกไทยสด", "action": "wagtail.publish", "data_json": "null", "timestamp": "2021-08-02T08:39:30.330Z", "user": 1, "content_changed": true, "deleted": false, "page": 8, "revision": 14}}, {"model": "wagtailcore.pagelogentry", "pk": 29, "fields": {"content_type": 43, "label": "ไส้กรอกหมูกระเทียม", "action": "wagtail.edit", "data_json": "\"\"", "timestamp": "2021-08-02T08:39:43.004Z", "user": 1, "content_changed": true, "deleted": false, "page": 7, "revision": 15}}, {"model": "wagtailcore.pagelogentry", "pk": 30, "fields": {"content_type": 43, "label": "ไส้กรอกหมูกระเทียม", "action": "wagtail.publish", "data_json": "null", "timestamp": "2021-08-02T08:39:43.038Z", "user": 1, "content_changed": true, "deleted": false, "page": 7, "revision": 15}}, {"model": "wagtailcore.pagelogentry", "pk": 31, "fields": {"content_type": 43, "label": "ไส้กรอกหมูพริกสด", "action": "wagtail.edit", "data_json": "\"\"", "timestamp": "2021-08-02T08:39:57.014Z", "user": 1, "content_changed": true, "deleted": false, "page": 6, "revision": 16}}, {"model": "wagtailcore.pagelogentry", "pk": 32, "fields": {"content_type": 43, "label": "ไส้กรอกหมูพริกสด", "action": "wagtail.publish", "data_json": "null", "timestamp": "2021-08-02T08:39:57.053Z", "user": 1, "content_changed": true, "deleted": false, "page": 6, "revision": 16}}, {"model": "wagtailcore.pagelogentry", "pk": 33, "fields": {"content_type": 46, "label": "Gallery", "action": "wagtail.create", "data_json": "\"\"", "timestamp": "2021-08-02T16:02:05.919Z", "user": 1, "content_changed": true, "deleted": false, "page": 10, "revision": null}}, {"model": "wagtailcore.pagelogentry", "pk": 34, "fields": {"content_type": 46, "label": "Gallery", "action": "wagtail.publish", "data_json": "null", "timestamp": "2021-08-02T16:02:05.978Z", "user": 1, "content_changed": true, "deleted": false, "page": 10, "revision": 17}}, {"model": "wagtailcore.pagelogentry", "pk": 35, "fields": {"content_type": 48, "label": "เกี่ยวกับเรา", "action": "wagtail.create", "data_json": "\"\"", "timestamp": "2021-08-03T08:21:53.824Z", "user": 1, "content_changed": true, "deleted": false, "page": 11, "revision": null}}, {"model": "wagtailcore.pagelogentry", "pk": 36, "fields": {"content_type": 48, "label": "เกี่ยวกับเรา", "action": "wagtail.publish", "data_json": "null", "timestamp": "2021-08-03T08:21:53.887Z", "user": 1, "content_changed": true, "deleted": false, "page": 11, "revision": 18}}, {"model": "wagtailcore.pagelogentry", "pk": 37, "fields": {"content_type": 48, "label": "About Us", "action": "wagtail.edit", "data_json": "\"\"", "timestamp": "2021-08-03T08:41:12.077Z", "user": 1, "content_changed": true, "deleted": false, "page": 11, "revision": 19}}, {"model": "wagtailcore.pagelogentry", "pk": 38, "fields": {"content_type": 48, "label": "About Us", "action": "wagtail.rename", "data_json": "{\"title\": {\"old\": \"\\u0e40\\u0e01\\u0e35\\u0e48\\u0e22\\u0e27\\u0e01\\u0e31\\u0e1a\\u0e40\\u0e23\\u0e32\", \"new\": \"About Us\"}}", "timestamp": "2021-08-03T08:41:12.122Z", "user": 1, "content_changed": false, "deleted": false, "page": 11, "revision": 19}}, {"model": "wagtailcore.pagelogentry", "pk": 39, "fields": {"content_type": 48, "label": "About Us", "action": "wagtail.publish", "data_json": "{\"title\": {\"old\": \"\\u0e40\\u0e01\\u0e35\\u0e48\\u0e22\\u0e27\\u0e01\\u0e31\\u0e1a\\u0e40\\u0e23\\u0e32\", \"new\": \"About Us\"}}", "timestamp": "2021-08-03T08:41:12.125Z", "user": 1, "content_changed": true, "deleted": false, "page": 11, "revision": 19}}, {"model": "wagtailcore.pagelogentry", "pk": 40, "fields": {"content_type": 48, "label": "About Us", "action": "wagtail.edit", "data_json": "\"\"", "timestamp": "2021-08-03T08:43:41.074Z", "user": 1, "content_changed": true, "deleted": false, "page": 11, "revision": 20}}, {"model": "wagtailcore.pagelogentry", "pk": 41, "fields": {"content_type": 48, "label": "About Us", "action": "wagtail.publish", "data_json": "null", "timestamp": "2021-08-03T08:43:41.124Z", "user": 1, "content_changed": true, "deleted": false, "page": 11, "revision": 20}}, {"model": "wagtailcore.pagelogentry", "pk": 42, "fields": {"content_type": 43, "label": "ไส้กรอกอีสานคีโต", "action": "wagtail.create", "data_json": "\"\"", "timestamp": "2021-08-03T18:51:29.197Z", "user": 1, "content_changed": true, "deleted": false, "page": 12, "revision": null}}, {"model": "wagtailcore.pagelogentry", "pk": 43, "fields": {"content_type": 43, "label": "ไส้กรอกอีสานคีโต", "action": "wagtail.publish", "data_json": "null", "timestamp": "2021-08-03T18:51:29.249Z", "user": 1, "content_changed": true, "deleted": false, "page": 12, "revision": 21}}, {"model": "wagtailcore.pagelogentry", "pk": 44, "fields": {"content_type": 43, "label": "ไส้กรอกหมูรมควัน", "action": "wagtail.edit", "data_json": "\"\"", "timestamp": "2021-08-04T17:41:33.323Z", "user": 1, "content_changed": true, "deleted": false, "page": 5, "revision": 22}}, {"model": "wagtailcore.pagelogentry", "pk": 45, "fields": {"content_type": 43, "label": "ไส้กรอกหมูรมควัน", "action": "wagtail.publish", "data_json": "null", "timestamp": "2021-08-04T17:41:33.362Z", "user": 1, "content_changed": true, "deleted": false, "page": 5, "revision": 22}}, {"model": "wagtailcore.pagelogentry", "pk": 46, "fields": {"content_type": 43, "label": "ไส้กรอกหมูพริกสด", "action": "wagtail.edit", "data_json": "\"\"", "timestamp": "2021-08-04T17:55:11.697Z", "user": 1, "content_changed": true, "deleted": false, "page": 6, "revision": 23}}, {"model": "wagtailcore.pagelogentry", "pk": 47, "fields": {"content_type": 43, "label": "ไส้กรอกหมูพริกสด", "action": "wagtail.edit", "data_json": "\"\"", "timestamp": "2021-08-04T17:55:15.309Z", "user": 1, "content_changed": true, "deleted": false, "page": 6, "revision": 24}}, {"model": "wagtailcore.pagelogentry", "pk": 48, "fields": {"content_type": 43, "label": "ไส้กรอกหมูพริกสด", "action": "wagtail.publish", "data_json": "null", "timestamp": "2021-08-04T17:55:15.347Z", "user": 1, "content_changed": true, "deleted": false, "page": 6, "revision": 24}}, {"model": "wagtailcore.pagesubscription", "pk": 1, "fields": {"user": 1, "page": 3, "comment_notifications": false}}, {"model": "wagtailcore.pagesubscription", "pk": 2, "fields": {"user": 1, "page": 4, "comment_notifications": true}}, {"model": "wagtailcore.pagesubscription", "pk": 3, "fields": {"user": 1, "page": 5, "comment_notifications": true}}, {"model": "wagtailcore.pagesubscription", "pk": 4, "fields": {"user": 1, "page": 6, "comment_notifications": true}}, {"model": "wagtailcore.pagesubscription", "pk": 5, "fields": {"user": 1, "page": 7, "comment_notifications": true}}, {"model": "wagtailcore.pagesubscription", "pk": 6, "fields": {"user": 1, "page": 8, "comment_notifications": true}}, {"model": "wagtailcore.pagesubscription", "pk": 7, "fields": {"user": 1, "page": 9, "comment_notifications": true}}, {"model": "wagtailcore.pagesubscription", "pk": 8, "fields": {"user": 1, "page": 10, "comment_notifications": true}}, {"model": "wagtailcore.pagesubscription", "pk": 9, "fields": {"user": 1, "page": 11, "comment_notifications": true}}, {"model": "wagtailcore.pagesubscription", "pk": 10, "fields": {"user": 1, "page": 12, "comment_notifications": true}}, {"model": "auth.permission", "pk": 1, "fields": {"name": "Can access Wagtail admin", "content_type": 3, "codename": "access_admin"}}, {"model": "auth.permission", "pk": 2, "fields": {"name": "Can add document", "content_type": 5, "codename": "add_document"}}, {"model": "auth.permission", "pk": 3, "fields": {"name": "Can change document", "content_type": 5, "codename": "change_document"}}, {"model": "auth.permission", "pk": 4, "fields": {"name": "Can delete document", "content_type": 5, "codename": "delete_document"}}, {"model": "auth.permission", "pk": 5, "fields": {"name": "Can choose document", "content_type": 5, "codename": "choose_document"}}, {"model": "auth.permission", "pk": 6, "fields": {"name": "Can add image", "content_type": 6, "codename": "add_image"}}, {"model": "auth.permission", "pk": 7, "fields": {"name": "Can change image", "content_type": 6, "codename": "change_image"}}, {"model": "auth.permission", "pk": 8, "fields": {"name": "Can delete image", "content_type": 6, "codename": "delete_image"}}, {"model": "auth.permission", "pk": 9, "fields": {"name": "Can choose image", "content_type": 6, "codename": "choose_image"}}, {"model": "auth.permission", "pk": 10, "fields": {"name": "Can add home page", "content_type": 2, "codename": "add_homepage"}}, {"model": "auth.permission", "pk": 11, "fields": {"name": "Can change home page", "content_type": 2, "codename": "change_homepage"}}, {"model": "auth.permission", "pk": 12, "fields": {"name": "Can delete home page", "content_type": 2, "codename": "delete_homepage"}}, {"model": "auth.permission", "pk": 13, "fields": {"name": "Can view home page", "content_type": 2, "codename": "view_homepage"}}, {"model": "auth.permission", "pk": 14, "fields": {"name": "Can add form submission", "content_type": 7, "codename": "add_formsubmission"}}, {"model": "auth.permission", "pk": 15, "fields": {"name": "Can change form submission", "content_type": 7, "codename": "change_formsubmission"}}, {"model": "auth.permission", "pk": 16, "fields": {"name": "Can delete form submission", "content_type": 7, "codename": "delete_formsubmission"}}, {"model": "auth.permission", "pk": 17, "fields": {"name": "Can view form submission", "content_type": 7, "codename": "view_formsubmission"}}, {"model": "auth.permission", "pk": 18, "fields": {"name": "Can add redirect", "content_type": 8, "codename": "add_redirect"}}, {"model": "auth.permission", "pk": 19, "fields": {"name": "Can change redirect", "content_type": 8, "codename": "change_redirect"}}, {"model": "auth.permission", "pk": 20, "fields": {"name": "Can delete redirect", "content_type": 8, "codename": "delete_redirect"}}, {"model": "auth.permission", "pk": 21, "fields": {"name": "Can view redirect", "content_type": 8, "codename": "view_redirect"}}, {"model": "auth.permission", "pk": 22, "fields": {"name": "Can add embed", "content_type": 9, "codename": "add_embed"}}, {"model": "auth.permission", "pk": 23, "fields": {"name": "Can change embed", "content_type": 9, "codename": "change_embed"}}, {"model": "auth.permission", "pk": 24, "fields": {"name": "Can delete embed", "content_type": 9, "codename": "delete_embed"}}, {"model": "auth.permission", "pk": 25, "fields": {"name": "Can view embed", "content_type": 9, "codename": "view_embed"}}, {"model": "auth.permission", "pk": 26, "fields": {"name": "Can add user profile", "content_type": 10, "codename": "add_userprofile"}}, {"model": "auth.permission", "pk": 27, "fields": {"name": "Can change user profile", "content_type": 10, "codename": "change_userprofile"}}, {"model": "auth.permission", "pk": 28, "fields": {"name": "Can delete user profile", "content_type": 10, "codename": "delete_userprofile"}}, {"model": "auth.permission", "pk": 29, "fields": {"name": "Can view user profile", "content_type": 10, "codename": "view_userprofile"}}, {"model": "auth.permission", "pk": 30, "fields": {"name": "Can view document", "content_type": 5, "codename": "view_document"}}, {"model": "auth.permission", "pk": 31, "fields": {"name": "Can add uploaded document", "content_type": 11, "codename": "add_uploadeddocument"}}, {"model": "auth.permission", "pk": 32, "fields": {"name": "Can change uploaded document", "content_type": 11, "codename": "change_uploadeddocument"}}, {"model": "auth.permission", "pk": 33, "fields": {"name": "Can delete uploaded document", "content_type": 11, "codename": "delete_uploadeddocument"}}, {"model": "auth.permission", "pk": 34, "fields": {"name": "Can view uploaded document", "content_type": 11, "codename": "view_uploadeddocument"}}, {"model": "auth.permission", "pk": 35, "fields": {"name": "Can view image", "content_type": 6, "codename": "view_image"}}, {"model": "auth.permission", "pk": 36, "fields": {"name": "Can add rendition", "content_type": 12, "codename": "add_rendition"}}, {"model": "auth.permission", "pk": 37, "fields": {"name": "Can change rendition", "content_type": 12, "codename": "change_rendition"}}, {"model": "auth.permission", "pk": 38, "fields": {"name": "Can delete rendition", "content_type": 12, "codename": "delete_rendition"}}, {"model": "auth.permission", "pk": 39, "fields": {"name": "Can view rendition", "content_type": 12, "codename": "view_rendition"}}, {"model": "auth.permission", "pk": 40, "fields": {"name": "Can add uploaded image", "content_type": 13, "codename": "add_uploadedimage"}}, {"model": "auth.permission", "pk": 41, "fields": {"name": "Can change uploaded image", "content_type": 13, "codename": "change_uploadedimage"}}, {"model": "auth.permission", "pk": 42, "fields": {"name": "Can delete uploaded image", "content_type": 13, "codename": "delete_uploadedimage"}}, {"model": "auth.permission", "pk": 43, "fields": {"name": "Can view uploaded image", "content_type": 13, "codename": "view_uploadedimage"}}, {"model": "auth.permission", "pk": 44, "fields": {"name": "Can add query", "content_type": 14, "codename": "add_query"}}, {"model": "auth.permission", "pk": 45, "fields": {"name": "Can change query", "content_type": 14, "codename": "change_query"}}, {"model": "auth.permission", "pk": 46, "fields": {"name": "Can delete query", "content_type": 14, "codename": "delete_query"}}, {"model": "auth.permission", "pk": 47, "fields": {"name": "Can view query", "content_type": 14, "codename": "view_query"}}, {"model": "auth.permission", "pk": 48, "fields": {"name": "Can add Query Daily Hits", "content_type": 15, "codename": "add_querydailyhits"}}, {"model": "auth.permission", "pk": 49, "fields": {"name": "Can change Query Daily Hits", "content_type": 15, "codename": "change_querydailyhits"}}, {"model": "auth.permission", "pk": 50, "fields": {"name": "Can delete Query Daily Hits", "content_type": 15, "codename": "delete_querydailyhits"}}, {"model": "auth.permission", "pk": 51, "fields": {"name": "Can view Query Daily Hits", "content_type": 15, "codename": "view_querydailyhits"}}, {"model": "auth.permission", "pk": 52, "fields": {"name": "Can add page", "content_type": 1, "codename": "add_page"}}, {"model": "auth.permission", "pk": 53, "fields": {"name": "Can change page", "content_type": 1, "codename": "change_page"}}, {"model": "auth.permission", "pk": 54, "fields": {"name": "Can delete page", "content_type": 1, "codename": "delete_page"}}, {"model": "auth.permission", "pk": 55, "fields": {"name": "Can view page", "content_type": 1, "codename": "view_page"}}, {"model": "auth.permission", "pk": 56, "fields": {"name": "Can add group page permission", "content_type": 16, "codename": "add_grouppagepermission"}}, {"model": "auth.permission", "pk": 57, "fields": {"name": "Can change group page permission", "content_type": 16, "codename": "change_grouppagepermission"}}, {"model": "auth.permission", "pk": 58, "fields": {"name": "Can delete group page permission", "content_type": 16, "codename": "delete_grouppagepermission"}}, {"model": "auth.permission", "pk": 59, "fields": {"name": "Can view group page permission", "content_type": 16, "codename": "view_grouppagepermission"}}, {"model": "auth.permission", "pk": 60, "fields": {"name": "Can add page revision", "content_type": 17, "codename": "add_pagerevision"}}, {"model": "auth.permission", "pk": 61, "fields": {"name": "Can change page revision", "content_type": 17, "codename": "change_pagerevision"}}, {"model": "auth.permission", "pk": 62, "fields": {"name": "Can delete page revision", "content_type": 17, "codename": "delete_pagerevision"}}, {"model": "auth.permission", "pk": 63, "fields": {"name": "Can view page revision", "content_type": 17, "codename": "view_pagerevision"}}, {"model": "auth.permission", "pk": 64, "fields": {"name": "Can add page view restriction", "content_type": 18, "codename": "add_pageviewrestriction"}}, {"model": "auth.permission", "pk": 65, "fields": {"name": "Can change page view restriction", "content_type": 18, "codename": "change_pageviewrestriction"}}, {"model": "auth.permission", "pk": 66, "fields": {"name": "Can delete page view restriction", "content_type": 18, "codename": "delete_pageviewrestriction"}}, {"model": "auth.permission", "pk": 67, "fields": {"name": "Can view page view restriction", "content_type": 18, "codename": "view_pageviewrestriction"}}, {"model": "auth.permission", "pk": 68, "fields": {"name": "Can add site", "content_type": 19, "codename": "add_site"}}, {"model": "auth.permission", "pk": 69, "fields": {"name": "Can change site", "content_type": 19, "codename": "change_site"}}, {"model": "auth.permission", "pk": 70, "fields": {"name": "Can delete site", "content_type": 19, "codename": "delete_site"}}, {"model": "auth.permission", "pk": 71, "fields": {"name": "Can view site", "content_type": 19, "codename": "view_site"}}, {"model": "auth.permission", "pk": 72, "fields": {"name": "Can add collection", "content_type": 20, "codename": "add_collection"}}, {"model": "auth.permission", "pk": 73, "fields": {"name": "Can change collection", "content_type": 20, "codename": "change_collection"}}, {"model": "auth.permission", "pk": 74, "fields": {"name": "Can delete collection", "content_type": 20, "codename": "delete_collection"}}, {"model": "auth.permission", "pk": 75, "fields": {"name": "Can view collection", "content_type": 20, "codename": "view_collection"}}, {"model": "auth.permission", "pk": 76, "fields": {"name": "Can add group collection permission", "content_type": 21, "codename": "add_groupcollectionpermission"}}, {"model": "auth.permission", "pk": 77, "fields": {"name": "Can change group collection permission", "content_type": 21, "codename": "change_groupcollectionpermission"}}, {"model": "auth.permission", "pk": 78, "fields": {"name": "Can delete group collection permission", "content_type": 21, "codename": "delete_groupcollectionpermission"}}, {"model": "auth.permission", "pk": 79, "fields": {"name": "Can view group collection permission", "content_type": 21, "codename": "view_groupcollectionpermission"}}, {"model": "auth.permission", "pk": 80, "fields": {"name": "Can add collection view restriction", "content_type": 22, "codename": "add_collectionviewrestriction"}}, {"model": "auth.permission", "pk": 81, "fields": {"name": "Can change collection view restriction", "content_type": 22, "codename": "change_collectionviewrestriction"}}, {"model": "auth.permission", "pk": 82, "fields": {"name": "Can delete collection view restriction", "content_type": 22, "codename": "delete_collectionviewrestriction"}}, {"model": "auth.permission", "pk": 83, "fields": {"name": "Can view collection view restriction", "content_type": 22, "codename": "view_collectionviewrestriction"}}, {"model": "auth.permission", "pk": 84, "fields": {"name": "Can add task", "content_type": 23, "codename": "add_task"}}, {"model": "auth.permission", "pk": 85, "fields": {"name": "Can change task", "content_type": 23, "codename": "change_task"}}, {"model": "auth.permission", "pk": 86, "fields": {"name": "Can delete task", "content_type": 23, "codename": "delete_task"}}, {"model": "auth.permission", "pk": 87, "fields": {"name": "Can view task", "content_type": 23, "codename": "view_task"}}, {"model": "auth.permission", "pk": 88, "fields": {"name": "Can add Task state", "content_type": 24, "codename": "add_taskstate"}}, {"model": "auth.permission", "pk": 89, "fields": {"name": "Can change Task state", "content_type": 24, "codename": "change_taskstate"}}, {"model": "auth.permission", "pk": 90, "fields": {"name": "Can delete Task state", "content_type": 24, "codename": "delete_taskstate"}}, {"model": "auth.permission", "pk": 91, "fields": {"name": "Can view Task state", "content_type": 24, "codename": "view_taskstate"}}, {"model": "auth.permission", "pk": 92, "fields": {"name": "Can add workflow", "content_type": 25, "codename": "add_workflow"}}, {"model": "auth.permission", "pk": 93, "fields": {"name": "Can change workflow", "content_type": 25, "codename": "change_workflow"}}, {"model": "auth.permission", "pk": 94, "fields": {"name": "Can delete workflow", "content_type": 25, "codename": "delete_workflow"}}, {"model": "auth.permission", "pk": 95, "fields": {"name": "Can view workflow", "content_type": 25, "codename": "view_workflow"}}, {"model": "auth.permission", "pk": 96, "fields": {"name": "Can add Group approval task", "content_type": 4, "codename": "add_groupapprovaltask"}}, {"model": "auth.permission", "pk": 97, "fields": {"name": "Can change Group approval task", "content_type": 4, "codename": "change_groupapprovaltask"}}, {"model": "auth.permission", "pk": 98, "fields": {"name": "Can delete Group approval task", "content_type": 4, "codename": "delete_groupapprovaltask"}}, {"model": "auth.permission", "pk": 99, "fields": {"name": "Can view Group approval task", "content_type": 4, "codename": "view_groupapprovaltask"}}, {"model": "auth.permission", "pk": 100, "fields": {"name": "Can add Workflow state", "content_type": 26, "codename": "add_workflowstate"}}, {"model": "auth.permission", "pk": 101, "fields": {"name": "Can change Workflow state", "content_type": 26, "codename": "change_workflowstate"}}, {"model": "auth.permission", "pk": 102, "fields": {"name": "Can delete Workflow state", "content_type": 26, "codename": "delete_workflowstate"}}, {"model": "auth.permission", "pk": 103, "fields": {"name": "Can view Workflow state", "content_type": 26, "codename": "view_workflowstate"}}, {"model": "auth.permission", "pk": 104, "fields": {"name": "Can add workflow page", "content_type": 27, "codename": "add_workflowpage"}}, {"model": "auth.permission", "pk": 105, "fields": {"name": "Can change workflow page", "content_type": 27, "codename": "change_workflowpage"}}, {"model": "auth.permission", "pk": 106, "fields": {"name": "Can delete workflow page", "content_type": 27, "codename": "delete_workflowpage"}}, {"model": "auth.permission", "pk": 107, "fields": {"name": "Can view workflow page", "content_type": 27, "codename": "view_workflowpage"}}, {"model": "auth.permission", "pk": 108, "fields": {"name": "Can add workflow task order", "content_type": 28, "codename": "add_workflowtask"}}, {"model": "auth.permission", "pk": 109, "fields": {"name": "Can change workflow task order", "content_type": 28, "codename": "change_workflowtask"}}, {"model": "auth.permission", "pk": 110, "fields": {"name": "Can delete workflow task order", "content_type": 28, "codename": "delete_workflowtask"}}, {"model": "auth.permission", "pk": 111, "fields": {"name": "Can view workflow task order", "content_type": 28, "codename": "view_workflowtask"}}, {"model": "auth.permission", "pk": 112, "fields": {"name": "Can add page log entry", "content_type": 29, "codename": "add_pagelogentry"}}, {"model": "auth.permission", "pk": 113, "fields": {"name": "Can change page log entry", "content_type": 29, "codename": "change_pagelogentry"}}, {"model": "auth.permission", "pk": 114, "fields": {"name": "Can delete page log entry", "content_type": 29, "codename": "delete_pagelogentry"}}, {"model": "auth.permission", "pk": 115, "fields": {"name": "Can view page log entry", "content_type": 29, "codename": "view_pagelogentry"}}, {"model": "auth.permission", "pk": 116, "fields": {"name": "Can add locale", "content_type": 30, "codename": "add_locale"}}, {"model": "auth.permission", "pk": 117, "fields": {"name": "Can change locale", "content_type": 30, "codename": "change_locale"}}, {"model": "auth.permission", "pk": 118, "fields": {"name": "Can delete locale", "content_type": 30, "codename": "delete_locale"}}, {"model": "auth.permission", "pk": 119, "fields": {"name": "Can view locale", "content_type": 30, "codename": "view_locale"}}, {"model": "auth.permission", "pk": 120, "fields": {"name": "Can add comment", "content_type": 31, "codename": "add_comment"}}, {"model": "auth.permission", "pk": 121, "fields": {"name": "Can change comment", "content_type": 31, "codename": "change_comment"}}, {"model": "auth.permission", "pk": 122, "fields": {"name": "Can delete comment", "content_type": 31, "codename": "delete_comment"}}, {"model": "auth.permission", "pk": 123, "fields": {"name": "Can view comment", "content_type": 31, "codename": "view_comment"}}, {"model": "auth.permission", "pk": 124, "fields": {"name": "Can add comment reply", "content_type": 32, "codename": "add_commentreply"}}, {"model": "auth.permission", "pk": 125, "fields": {"name": "Can change comment reply", "content_type": 32, "codename": "change_commentreply"}}, {"model": "auth.permission", "pk": 126, "fields": {"name": "Can delete comment reply", "content_type": 32, "codename": "delete_commentreply"}}, {"model": "auth.permission", "pk": 127, "fields": {"name": "Can view comment reply", "content_type": 32, "codename": "view_commentreply"}}, {"model": "auth.permission", "pk": 128, "fields": {"name": "Can add page subscription", "content_type": 33, "codename": "add_pagesubscription"}}, {"model": "auth.permission", "pk": 129, "fields": {"name": "Can change page subscription", "content_type": 33, "codename": "change_pagesubscription"}}, {"model": "auth.permission", "pk": 130, "fields": {"name": "Can delete page subscription", "content_type": 33, "codename": "delete_pagesubscription"}}, {"model": "auth.permission", "pk": 131, "fields": {"name": "Can view page subscription", "content_type": 33, "codename": "view_pagesubscription"}}, {"model": "auth.permission", "pk": 132, "fields": {"name": "Can add tag", "content_type": 34, "codename": "add_tag"}}, {"model": "auth.permission", "pk": 133, "fields": {"name": "Can change tag", "content_type": 34, "codename": "change_tag"}}, {"model": "auth.permission", "pk": 134, "fields": {"name": "Can delete tag", "content_type": 34, "codename": "delete_tag"}}, {"model": "auth.permission", "pk": 135, "fields": {"name": "Can view tag", "content_type": 34, "codename": "view_tag"}}, {"model": "auth.permission", "pk": 136, "fields": {"name": "Can add tagged item", "content_type": 35, "codename": "add_taggeditem"}}, {"model": "auth.permission", "pk": 137, "fields": {"name": "Can change tagged item", "content_type": 35, "codename": "change_taggeditem"}}, {"model": "auth.permission", "pk": 138, "fields": {"name": "Can delete tagged item", "content_type": 35, "codename": "delete_taggeditem"}}, {"model": "auth.permission", "pk": 139, "fields": {"name": "Can view tagged item", "content_type": 35, "codename": "view_taggeditem"}}, {"model": "auth.permission", "pk": 140, "fields": {"name": "Can add log entry", "content_type": 36, "codename": "add_logentry"}}, {"model": "auth.permission", "pk": 141, "fields": {"name": "Can change log entry", "content_type": 36, "codename": "change_logentry"}}, {"model": "auth.permission", "pk": 142, "fields": {"name": "Can delete log entry", "content_type": 36, "codename": "delete_logentry"}}, {"model": "auth.permission", "pk": 143, "fields": {"name": "Can view log entry", "content_type": 36, "codename": "view_logentry"}}, {"model": "auth.permission", "pk": 144, "fields": {"name": "Can add permission", "content_type": 37, "codename": "add_permission"}}, {"model": "auth.permission", "pk": 145, "fields": {"name": "Can change permission", "content_type": 37, "codename": "change_permission"}}, {"model": "auth.permission", "pk": 146, "fields": {"name": "Can delete permission", "content_type": 37, "codename": "delete_permission"}}, {"model": "auth.permission", "pk": 147, "fields": {"name": "Can view permission", "content_type": 37, "codename": "view_permission"}}, {"model": "auth.permission", "pk": 148, "fields": {"name": "Can add group", "content_type": 38, "codename": "add_group"}}, {"model": "auth.permission", "pk": 149, "fields": {"name": "Can change group", "content_type": 38, "codename": "change_group"}}, {"model": "auth.permission", "pk": 150, "fields": {"name": "Can delete group", "content_type": 38, "codename": "delete_group"}}, {"model": "auth.permission", "pk": 151, "fields": {"name": "Can view group", "content_type": 38, "codename": "view_group"}}, {"model": "auth.permission", "pk": 152, "fields": {"name": "Can add user", "content_type": 39, "codename": "add_user"}}, {"model": "auth.permission", "pk": 153, "fields": {"name": "Can change user", "content_type": 39, "codename": "change_user"}}, {"model": "auth.permission", "pk": 154, "fields": {"name": "Can delete user", "content_type": 39, "codename": "delete_user"}}, {"model": "auth.permission", "pk": 155, "fields": {"name": "Can view user", "content_type": 39, "codename": "view_user"}}, {"model": "auth.permission", "pk": 156, "fields": {"name": "Can add content type", "content_type": 40, "codename": "add_contenttype"}}, {"model": "auth.permission", "pk": 157, "fields": {"name": "Can change content type", "content_type": 40, "codename": "change_contenttype"}}, {"model": "auth.permission", "pk": 158, "fields": {"name": "Can delete content type", "content_type": 40, "codename": "delete_contenttype"}}, {"model": "auth.permission", "pk": 159, "fields": {"name": "Can view content type", "content_type": 40, "codename": "view_contenttype"}}, {"model": "auth.permission", "pk": 160, "fields": {"name": "Can add session", "content_type": 41, "codename": "add_session"}}, {"model": "auth.permission", "pk": 161, "fields": {"name": "Can change session", "content_type": 41, "codename": "change_session"}}, {"model": "auth.permission", "pk": 162, "fields": {"name": "Can delete session", "content_type": 41, "codename": "delete_session"}}, {"model": "auth.permission", "pk": 163, "fields": {"name": "Can view session", "content_type": 41, "codename": "view_session"}}, {"model": "auth.permission", "pk": 164, "fields": {"name": "Can add products list page", "content_type": 42, "codename": "add_productslistpage"}}, {"model": "auth.permission", "pk": 165, "fields": {"name": "Can change products list page", "content_type": 42, "codename": "change_productslistpage"}}, {"model": "auth.permission", "pk": 166, "fields": {"name": "Can delete products list page", "content_type": 42, "codename": "delete_productslistpage"}}, {"model": "auth.permission", "pk": 167, "fields": {"name": "Can view products list page", "content_type": 42, "codename": "view_productslistpage"}}, {"model": "auth.permission", "pk": 168, "fields": {"name": "Can add product page", "content_type": 43, "codename": "add_productpage"}}, {"model": "auth.permission", "pk": 169, "fields": {"name": "Can change product page", "content_type": 43, "codename": "change_productpage"}}, {"model": "auth.permission", "pk": 170, "fields": {"name": "Can delete product page", "content_type": 43, "codename": "delete_productpage"}}, {"model": "auth.permission", "pk": 171, "fields": {"name": "Can view product page", "content_type": 43, "codename": "view_productpage"}}, {"model": "auth.permission", "pk": 172, "fields": {"name": "Can add category", "content_type": 44, "codename": "add_category"}}, {"model": "auth.permission", "pk": 173, "fields": {"name": "Can change category", "content_type": 44, "codename": "change_category"}}, {"model": "auth.permission", "pk": 174, "fields": {"name": "Can delete category", "content_type": 44, "codename": "delete_category"}}, {"model": "auth.permission", "pk": 175, "fields": {"name": "Can view category", "content_type": 44, "codename": "view_category"}}, {"model": "auth.permission", "pk": 176, "fields": {"name": "Can add gallery image", "content_type": 45, "codename": "add_galleryimage"}}, {"model": "auth.permission", "pk": 177, "fields": {"name": "Can change gallery image", "content_type": 45, "codename": "change_galleryimage"}}, {"model": "auth.permission", "pk": 178, "fields": {"name": "Can delete gallery image", "content_type": 45, "codename": "delete_galleryimage"}}, {"model": "auth.permission", "pk": 179, "fields": {"name": "Can view gallery image", "content_type": 45, "codename": "view_galleryimage"}}, {"model": "auth.permission", "pk": 180, "fields": {"name": "Can add gallery page", "content_type": 46, "codename": "add_gallerypage"}}, {"model": "auth.permission", "pk": 181, "fields": {"name": "Can change gallery page", "content_type": 46, "codename": "change_gallerypage"}}, {"model": "auth.permission", "pk": 182, "fields": {"name": "Can delete gallery page", "content_type": 46, "codename": "delete_gallerypage"}}, {"model": "auth.permission", "pk": 183, "fields": {"name": "Can view gallery page", "content_type": 46, "codename": "view_gallerypage"}}, {"model": "auth.permission", "pk": 184, "fields": {"name": "Can add review", "content_type": 47, "codename": "add_review"}}, {"model": "auth.permission", "pk": 185, "fields": {"name": "Can change review", "content_type": 47, "codename": "change_review"}}, {"model": "auth.permission", "pk": 186, "fields": {"name": "Can delete review", "content_type": 47, "codename": "delete_review"}}, {"model": "auth.permission", "pk": 187, "fields": {"name": "Can view review", "content_type": 47, "codename": "view_review"}}, {"model": "auth.permission", "pk": 188, "fields": {"name": "Can add aboutus page", "content_type": 48, "codename": "add_aboutuspage"}}, {"model": "auth.permission", "pk": 189, "fields": {"name": "Can change aboutus page", "content_type": 48, "codename": "change_aboutuspage"}}, {"model": "auth.permission", "pk": 190, "fields": {"name": "Can delete aboutus page", "content_type": 48, "codename": "delete_aboutuspage"}}, {"model": "auth.permission", "pk": 191, "fields": {"name": "Can view aboutus page", "content_type": 48, "codename": "view_aboutuspage"}}, {"model": "auth.permission", "pk": 192, "fields": {"name": "Can add reviews orderable", "content_type": 49, "codename": "add_reviewsorderable"}}, {"model": "auth.permission", "pk": 193, "fields": {"name": "Can change reviews orderable", "content_type": 49, "codename": "change_reviewsorderable"}}, {"model": "auth.permission", "pk": 194, "fields": {"name": "Can delete reviews orderable", "content_type": 49, "codename": "delete_reviewsorderable"}}, {"model": "auth.permission", "pk": 195, "fields": {"name": "Can view reviews orderable", "content_type": 49, "codename": "view_reviewsorderable"}}, {"model": "auth.permission", "pk": 196, "fields": {"name": "Can add more product image", "content_type": 50, "codename": "add_moreproductimage"}}, {"model": "auth.permission", "pk": 197, "fields": {"name": "Can change more product image", "content_type": 50, "codename": "change_moreproductimage"}}, {"model": "auth.permission", "pk": 198, "fields": {"name": "Can delete more product image", "content_type": 50, "codename": "delete_moreproductimage"}}, {"model": "auth.permission", "pk": 199, "fields": {"name": "Can view more product image", "content_type": 50, "codename": "view_moreproductimage"}}, {"model": "auth.group", "pk": 1, "fields": {"name": "Moderators", "permissions": [1, 2, 3, 5, 4, 6, 7, 9, 8]}}, {"model": "auth.group", "pk": 2, "fields": {"name": "Editors", "permissions": [1, 2, 3, 5, 4, 6, 7, 9, 8]}}, {"model": "auth.user", "pk": 1, "fields": {"password": "pbkdf2_sha256$260000$y3iT5r6e9j2JsAaGoaoL85$T66RmSSlOsSrIGgjss2fNqg3+eX/mFK/hdljmSzf6/U=", "last_login": "2021-08-02T15:49:54.515Z", "is_superuser": true, "username": "ruud", "first_name": "", "last_name": "", "email": "s.narut@gmail.com", "is_staff": true, "is_active": true, "date_joined": "2021-07-28T07:39:05.840Z", "groups": [], "user_permissions": []}}, {"model": "contenttypes.contenttype", "pk": 1, "fields": {"app_label": "wagtailcore", "model": "page"}}, {"model": "contenttypes.contenttype", "pk": 2, "fields": {"app_label": "home", "model": "homepage"}}, {"model": "contenttypes.contenttype", "pk": 3, "fields": {"app_label": "wagtailadmin", "model": "admin"}}, {"model": "contenttypes.contenttype", "pk": 4, "fields": {"app_label": "wagtailcore", "model": "groupapprovaltask"}}, {"model": "contenttypes.contenttype", "pk": 5, "fields": {"app_label": "wagtaildocs", "model": "document"}}, {"model": "contenttypes.contenttype", "pk": 6, "fields": {"app_label": "wagtailimages", "model": "image"}}, {"model": "contenttypes.contenttype", "pk": 7, "fields": {"app_label": "wagtailforms", "model": "formsubmission"}}, {"model": "contenttypes.contenttype", "pk": 8, "fields": {"app_label": "wagtailredirects", "model": "redirect"}}, {"model": "contenttypes.contenttype", "pk": 9, "fields": {"app_label": "wagtailembeds", "model": "embed"}}, {"model": "contenttypes.contenttype", "pk": 10, "fields": {"app_label": "wagtailusers", "model": "userprofile"}}, {"model": "contenttypes.contenttype", "pk": 11, "fields": {"app_label": "wagtaildocs", "model": "uploadeddocument"}}, {"model": "contenttypes.contenttype", "pk": 12, "fields": {"app_label": "wagtailimages", "model": "rendition"}}, {"model": "contenttypes.contenttype", "pk": 13, "fields": {"app_label": "wagtailimages", "model": "uploadedimage"}}, {"model": "contenttypes.contenttype", "pk": 14, "fields": {"app_label": "wagtailsearch", "model": "query"}}, {"model": "contenttypes.contenttype", "pk": 15, "fields": {"app_label": "wagtailsearch", "model": "querydailyhits"}}, {"model": "contenttypes.contenttype", "pk": 16, "fields": {"app_label": "wagtailcore", "model": "grouppagepermission"}}, {"model": "contenttypes.contenttype", "pk": 17, "fields": {"app_label": "wagtailcore", "model": "pagerevision"}}, {"model": "contenttypes.contenttype", "pk": 18, "fields": {"app_label": "wagtailcore", "model": "pageviewrestriction"}}, {"model": "contenttypes.contenttype", "pk": 19, "fields": {"app_label": "wagtailcore", "model": "site"}}, {"model": "contenttypes.contenttype", "pk": 20, "fields": {"app_label": "wagtailcore", "model": "collection"}}, {"model": "contenttypes.contenttype", "pk": 21, "fields": {"app_label": "wagtailcore", "model": "groupcollectionpermission"}}, {"model": "contenttypes.contenttype", "pk": 22, "fields": {"app_label": "wagtailcore", "model": "collectionviewrestriction"}}, {"model": "contenttypes.contenttype", "pk": 23, "fields": {"app_label": "wagtailcore", "model": "task"}}, {"model": "contenttypes.contenttype", "pk": 24, "fields": {"app_label": "wagtailcore", "model": "taskstate"}}, {"model": "contenttypes.contenttype", "pk": 25, "fields": {"app_label": "wagtailcore", "model": "workflow"}}, {"model": "contenttypes.contenttype", "pk": 26, "fields": {"app_label": "wagtailcore", "model": "workflowstate"}}, {"model": "contenttypes.contenttype", "pk": 27, "fields": {"app_label": "wagtailcore", "model": "workflowpage"}}, {"model": "contenttypes.contenttype", "pk": 28, "fields": {"app_label": "wagtailcore", "model": "workflowtask"}}, {"model": "contenttypes.contenttype", "pk": 29, "fields": {"app_label": "wagtailcore", "model": "pagelogentry"}}, {"model": "contenttypes.contenttype", "pk": 30, "fields": {"app_label": "wagtailcore", "model": "locale"}}, {"model": "contenttypes.contenttype", "pk": 31, "fields": {"app_label": "wagtailcore", "model": "comment"}}, {"model": "contenttypes.contenttype", "pk": 32, "fields": {"app_label": "wagtailcore", "model": "commentreply"}}, {"model": "contenttypes.contenttype", "pk": 33, "fields": {"app_label": "wagtailcore", "model": "pagesubscription"}}, {"model": "contenttypes.contenttype", "pk": 34, "fields": {"app_label": "taggit", "model": "tag"}}, {"model": "contenttypes.contenttype", "pk": 35, "fields": {"app_label": "taggit", "model": "taggeditem"}}, {"model": "contenttypes.contenttype", "pk": 36, "fields": {"app_label": "admin", "model": "logentry"}}, {"model": "contenttypes.contenttype", "pk": 37, "fields": {"app_label": "auth", "model": "permission"}}, {"model": "contenttypes.contenttype", "pk": 38, "fields": {"app_label": "auth", "model": "group"}}, {"model": "contenttypes.contenttype", "pk": 39, "fields": {"app_label": "auth", "model": "user"}}, {"model": "contenttypes.contenttype", "pk": 40, "fields": {"app_label": "contenttypes", "model": "contenttype"}}, {"model": "contenttypes.contenttype", "pk": 41, "fields": {"app_label": "sessions", "model": "session"}}, {"model": "contenttypes.contenttype", "pk": 42, "fields": {"app_label": "product", "model": "productslistpage"}}, {"model": "contenttypes.contenttype", "pk": 43, "fields": {"app_label": "product", "model": "productpage"}}, {"model": "contenttypes.contenttype", "pk": 44, "fields": {"app_label": "product", "model": "category"}}, {"model": "contenttypes.contenttype", "pk": 45, "fields": {"app_label": "gallery", "model": "galleryimage"}}, {"model": "contenttypes.contenttype", "pk": 46, "fields": {"app_label": "gallery", "model": "gallerypage"}}, {"model": "contenttypes.contenttype", "pk": 47, "fields": {"app_label": "aboutus", "model": "review"}}, {"model": "contenttypes.contenttype", "pk": 48, "fields": {"app_label": "aboutus", "model": "aboutuspage"}}, {"model": "contenttypes.contenttype", "pk": 49, "fields": {"app_label": "aboutus", "model": "reviewsorderable"}}, {"model": "contenttypes.contenttype", "pk": 50, "fields": {"app_label": "product", "model": "moreproductimage"}}, {"model": "sessions.session", "pk": "g7c5wwh4or4l24egu0p0zoehttcfygpz", "fields": {"session_data": ".eJxVjMsOwiAUBf-FtSHA5XFx6b7fQHhK1UBS2pXx322TLnQ7M-e8ifPbWt028uLmRK6Ek8svCz4-cztEevh27zT2ti5zoEdCTzvo1FN-3c7276D6Ufc1GCO5NikIxAAQZGG5GJu1BeBSKKFAWha5REQdlTIWBePRFtxRUpF8vqVeNhU:1m8e9z:rLMe33xm1V5g4xmDR0n6-2C9J5X3-phpTz4oX-YSEi4", "expire_date": "2021-08-11T07:39:23.098Z"}}, {"model": "sessions.session", "pk": "lvpczecfg3flg196ysruk283fw5dxi8j", "fields": {"session_data": ".eJxVjMsOwiAUBf-FtSHA5XFx6b7fQHhK1UBS2pXx322TLnQ7M-e8ifPbWt028uLmRK6Ek8svCz4-cztEevh27zT2ti5zoEdCTzvo1FN-3c7276D6Ufc1GCO5NikIxAAQZGG5GJu1BeBSKKFAWha5REQdlTIWBePRFtxRUpF8vqVeNhU:1mAaCQ:4HjZSLMWYMHWHj8N4i2MJMCipss7A5OlUotxnQ1rxok", "expire_date": "2021-08-16T15:49:54.517Z"}}]